slot,A1_mean_power_kW,A2_mean_power_kW,A1_normalized,A2_normalized
0,536.2521857923497,1964.2639344262295,0.73123009563039,0.9936927405976471
1,534.5715846994536,1976.7316939890711,0.7289384385883602,1.0
2,514.7300546448088,1890.1647540983608,0.7018826534489979,0.9562070360110344
3,477.44726775956286,1730.5341530054645,0.6510440805876418,0.8754522215977746
4,432.87513661202183,1554.326775956284,0.5902658039018153,0.7863114557644552
5,395.90819672131147,1392.129781420765,0.5398579180085272,0.7042583399932383
6,366.23497267759564,1264.0945355191257,0.49939569700501174,0.6394871592148987
7,328.2437158469945,1117.4251366120218,0.4475910589981535,0.5652892296966427
8,291.2666666666667,990.3647540983607,0.3971693881413548,0.501011218219399
9,261.64207650273227,867.3871584699453,0.35677348398932374,0.43879862963068417
10,232.84016393442624,766.9907103825136,0.3174993778138091,0.3880095172829025
11,222.3513661202186,672.9120218579235,0.30319691932145193,0.34041646820564603
12,206.13715846994535,592.8800546448088,0.28108732811640763,0.2999294524632065
13,195.1169398907104,534.1325136612022,0.2660602276232786,0.27020992038798936
14,188.01010928961747,484.948087431694,0.25636939827516575,0.2453282298788169
15,179.72841530054646,449.7415300546448,0.2450765326271458,0.22751774124037052
16,174.17131147540982,430.3434426229509,0.23749890092858492,0.21770452911316054
17,175.9672131147541,414.7959016393442,0.23994778106795464,0.20983925279322077
18,171.20273224043714,414.25874316939894,0.23345096502195903,0.20956751208527408
19,170.58032786885246,423.64972677595625,0.23260225834958964,0.21431827499109168
20,181.85081967213114,433.51256830601096,0.24797062983125712,0.21930774400200806
21,238.76475409836064,427.24808743169393,0.3255781115643176,0.21613863365012453
22,303.8874316939891,389.8207650273224,0.41437898366817133,0.19720469207465322
23,291.3357923497268,329.5166666666667,0.3972636474864423,0.16669772011481115
24,242.28060109289618,281.79043715846996,0.3303722983334352,0.14255371025584815
25,184.7445355191257,269.07950819672135,0.2519164824945866,0.1361234349684126
26,160.33142076502733,301.6226775956284,0.21862691331567866,0.15258655411496427
27,140.67431693989073,357.8551912568306,0.1918226106187437,0.18103377021019681
28,133.73852459016393,412.00956284153006,0.18236500795057084,0.20842968425830682
29,130.9945355191257,430.9467213114754,0.1786233217738342,0.2180097190842421
30,127.56502732240438,411.9653005464481,0.1739468660444308,0.20840729260281984
31,105.45491803278688,354.6207650273224,0.14379766057992222,0.17939752071850124
32,77.39945355191257,297.80956284153007,0.10554140630472071,0.15065755446079096
33,70.96530054644809,292.25136612021856,0.09676783587995011,0.1478457430560297
34,72.21639344262296,317.53224043715846,0.09847381825606055,0.16063497206157207
35,76.0068306010929,341.4122950819672,0.10364243443945867,0.17271554663698066
36,79.23852459016393,350.28551912568304,0.10804915196394747,0.17720438246163905
37,78.96693989071039,331.48770491803276,0.10767882078206197,0.16769483988445905
38,80.94016393442622,307.7475409836066,0.11036949663274323,0.15568503399799694
39,85.02131147540983,292.90928961748637,0.11593452365872303,0.14817857704623102
40,87.19699453551912,292.4054644808743,0.11890127134620228,0.1479236991899473
41,100.0743169398907,291.3043715846994,0.13646070689292883,0.14736667220468513
42,112.75491803278689,291.3180327868852,0.15375189450106627,0.1473735832094651
43,135.88142076502731,323.99207650273223,0.1852870476482852,0.16390290978180852
44,217.80983606557376,514.1286885245902,0.2970041176058573,0.2600902743088373
45,263.9693989071038,643.3169398907104,0.3599470061294654,0.32544474389060263
46,285.0579234972678,755.5822404371584,0.3887031851462175,0.38223813719118516
47,285.47677595628414,788.9636612021858,0.38927432971546344,0.39912531559103326
48,274.35792349726773,773.1748633879781,0.37411273268645834,0.39113799092668
49,272.1494535519126,741.3081967213114,0.3711012770092143,0.3750171047368303
50,267.74207650273223,687.6349726775956,0.3650914054850742,0.34786459627706934
51,260.60792349726773,640.0748633879781,0.355363319478824,0.3238046242362303
52,264.9325136612022,620.3633879781421,0.36126030332880793,0.31383287365936874
53,257.5032786885246,607.0292349726776,0.351129845414674,0.30708731833387287
54,249.31584699453555,605.2814207650273,0.33996551523722807,0.30620312438232894
55,249.24344262295082,613.1319672131148,0.339866785093164,0.310174602389162
56,265.0210382513661,654.294262295082,0.36138101490117297,0.3309980126714655
57,270.91065573770493,681.5975409836066,0.3694120601292657,0.34481034682462824
58,283.43961748633876,698.2275956284153,0.3864964732847406,0.3532232511633294
59,303.172131147541,729.8972677595629,0.41340360435813484,0.3692444806642526
60,402.1232240437159,913.1877049180329,0.5483326900350362,0.4619684642558686
61,450.81748633879783,987.9191256830602,0.6147318787340486,0.4997740101436964
62,475.43251366120217,1003.1267759562842,0.6482967746165916,0.5074673406647114
63,474.8994535519126,972.5959016393442,0.6475698972163315,0.49202221252224304
64,464.1601092896175,917.6076502732241,0.6329257951688546,0.4642044507423663
65,451.5199453551912,854.0928961748634,0.6156897474147605,0.4320732544391457
66,442.14153005464476,783.7852459016394,0.6029013995091062,0.396505630119154
67,408.4765027322404,696.3620218579235,0.5569959807517201,0.35227948435058254
68,381.48961748633883,642.1169398907103,0.5201968343762714,0.3248376812307338
69,364.11010928961747,580.9341530054645,0.496498246701668,0.29388619344344685
70,342.49781420765026,538.7193989071038,0.46702785754842246,0.2725303593528977
71,278.94617486338797,460.87158469945354,0.38036924328746785,0.23314827505467295
72,206.76803278688527,374.1155737704918,0.2819475843527997,0.18925966275955314
73,174.14945355191256,340.0109289617486,0.23746909560207502,0.1720066157666557
74,147.10601092896175,315.9169398907104,0.2005928279442819,0.1598178148563935
75,138.71147540983608,297.80109289617485,0.18914609229815463,0.1506532696378274
76,132.93360655737703,293.53032786885245,0.1812674268018437,0.14849275132352652
77,128.8051912568306,291.13825136612024,0.17563794575728628,0.14728263438656125
78,131.72540983606558,296.2573770491803,0.179619937379009,0.1498723260976956
79,138.30409836065576,289.6161202185792,0.18859059552532634,0.14651261023398174
80,137.91092896174862,300.7084699453552,0.18805447221472948,0.15212406967509154
81,136.8084699453552,303.1251366120219,0.1865511660588864,0.15334662642066071
82,124.73661202185792,303.86557377049184,0.17009005679404965,0.15372120287973276
83,128.70054644808744,324.9284153005465,0.17549525275662015,0.16437659004942476
84,240.9565573770492,486.02568306010926,0.32856684068009795,0.24587336993585757
85,285.24781420765026,540.9415300546448,0.3889621189202722,0.2736545033904007
86,288.05765027322406,548.6445355191256,0.39279359364311994,0.27755134254561054
87,299.84207650273225,602.2961748633879,0.40886276286435147,0.3046929316178192
88,612.2489071038251,1151.4513661202186,0.8348587451063378,0.5825026075221035
89,718.4262295081967,1384.7486338797814,0.9796414717274123,0.7005243241106435
90,733.3562841530055,1490.5803278688525,1.0,0.7540630488201671
91,655.6316939890711,1486.5226775956285,0.8940152394634445,0.7520103421804331
92,555.739344262295,1437.5868852459018,0.7578026619137105,0.7272544319582553
93,491.548087431694,1461.0196721311474,0.67027186928576,0.739108740237169
94,473.95792349726776,1557.6579234972678,0.6462860327769175,0.7879966351699927
95,265.6081967213115,869.2934426229509,0.36218166048454525,0.4397629912376753
