slot,A7_mean_count,A8_mean_count
0,5.281524926686217,0.07624633431085044
1,4.0,0.08211143695014662
2,5.190615835777126,0.04398826979472141
3,3.8914956011730206,0.07038123167155426
4,5.158357771260997,0.0469208211143695
5,4.586510263929619,0.020527859237536656
6,6.002932551319648,0.03519061583577713
7,4.354838709677419,0.03225806451612903
8,5.7917888563049855,0.017595307917888565
9,3.87683284457478,0.01466275659824047
10,5.035190615835777,0.017595307917888565
11,3.1055718475073313,0.011730205278592375
12,4.794721407624634,0.008797653958944282
13,3.334310850439883,0.01466275659824047
14,4.032258064516129,0.011730205278592375
15,2.8563049853372435,0.005865102639296188
16,3.378299120234604,0.005865102639296188
17,2.463343108504399,0.005865102639296188
18,3.4545454545454546,0.02346041055718475
19,2.530791788856305,0.01466275659824047
20,3.63049853372434,0.020527859237536656
21,2.809384164222874,0.020527859237536656
22,3.565982404692082,0.04398826979472141
23,3.164222873900293,0.03225806451612903
24,4.299120234604105,0.0469208211143695
25,3.5747800586510263,0.05278592375366569
26,4.706744868035191,0.06158357771260997
27,3.9442815249266863,0.11436950146627566
28,4.988269794721408,0.16422287390029325
29,3.038123167155425,0.16129032258064516
30,4.217008797653959,0.2991202346041056
31,2.472140762463343,0.3841642228739003
32,4.0498533724340176,0.3284457478005865
33,2.272727272727273,0.3313782991202346
34,3.272727272727273,0.2287390029325513
35,1.469208211143695,0.3343108504398827
36,2.463343108504399,0.31671554252199413
37,1.3020527859237536,0.39296187683284456
38,1.9266862170087977,0.5571847507331378
39,0.8387096774193549,0.3343108504398827
40,1.3577712609970674,0.31378299120234604
41,1.5806451612903225,0.31085043988269795
42,1.18475073313783,0.36950146627565983
43,0.8563049853372434,0.3870967741935484
44,1.4926686217008798,0.3313782991202346
45,1.3343108504398826,0.34017595307917886
46,2.1495601173020527,0.3196480938416422
47,2.7038123167155423,0.39589442815249265
48,3.3870967741935485,0.375366568914956
49,2.190615835777126,0.3841642228739003
50,2.598240469208211,0.3255131964809384
51,2.3548387096774195,0.41935483870967744
52,3.3284457478005867,0.35777126099706746
53,2.536656891495601,0.4222873900293255
54,4.070381231671554,0.44574780058651026
55,2.656891495601173,0.39882697947214074
56,4.026392961876833,0.4398826979472141
57,2.557184750733138,0.3782991202346041
58,3.653958944281525,0.4222873900293255
59,2.4164222873900294,0.501466275659824
60,3.7067448680351904,0.41055718475073316
61,2.3519061583577714,0.436950146627566
62,3.6832844574780057,0.4780058651026393
63,2.63049853372434,0.49853372434017595
64,3.536656891495601,0.5513196480938416
65,2.536656891495601,0.5630498533724341
66,3.3255131964809386,0.6011730205278593
67,2.7155425219941347,0.6041055718475073
68,3.841642228739003,0.5249266862170088
69,2.832844574780059,0.501466275659824
70,3.8152492668621703,0.4780058651026393
71,3.126099706744868,0.4662756598240469
72,4.211143695014663,0.375366568914956
73,2.563049853372434,0.375366568914956
74,3.8240469208211145,0.36363636363636365
75,2.595307917888563,0.36070381231671556
76,4.120234604105572,0.3489736070381232
77,2.4516129032258065,0.31085043988269795
78,3.967741935483871,0.2844574780058651
79,2.3841642228739004,0.3020527859237537
80,3.4164222873900294,0.2727272727272727
81,2.313782991202346,0.2873900293255132
82,3.1788856304985336,0.24633431085043989
83,2.06158357771261,0.24633431085043989
84,3.442815249266862,0.20527859237536658
85,2.366568914956012,0.1906158357771261
86,3.8944281524926687,0.17302052785923755
87,2.8269794721407626,0.13196480938416422
88,4.510263929618769,0.24926686217008798
89,3.7536656891495603,0.1436950146627566
90,6.1436950146627565,0.12609970674486803
91,4.13782991202346,0.10557184750733138
92,6.0498533724340176,0.12609970674486803
93,3.8944281524926687,0.093841642228739
94,4.557184750733138,0.12609970674486803
95,3.8152492668621703,0.093841642228739
