date,intervals,average_count,peak_count,valley_count,total_count,peak_valley_count,activity_factor
2024-01-26,96,0.20833333333333334,2,0,20,2,0.10416666666666667
2024-01-27,96,0.5,3,0,48,3,0.16666666666666666
2024-01-28,96,0.4583333333333333,3,0,44,3,0.15277777777777776
2024-01-29,96,0.2708333333333333,1,0,26,1,0.2708333333333333
2024-01-30,96,0.21875,3,0,21,3,0.07291666666666667
2024-01-31,96,0.375,3,0,36,3,0.125
2024-02-01,96,0.3125,3,0,30,3,0.10416666666666667
2024-02-02,96,0.3125,3,0,30,3,0.10416666666666667
2024-02-03,96,0.40625,3,0,39,3,0.13541666666666666
2024-02-04,96,0.2708333333333333,2,0,26,2,0.13541666666666666
2024-02-05,96,0.3958333333333333,3,0,38,3,0.13194444444444445
2024-02-06,96,0.3854166666666667,2,0,37,2,0.19270833333333334
2024-02-07,96,0.3333333333333333,3,0,32,3,0.1111111111111111
2024-02-08,96,0.4479166666666667,3,0,43,3,0.14930555555555555
2024-02-09,96,0.65625,3,0,63,3,0.21875
2024-02-10,96,0.7604166666666666,3,0,73,3,0.2534722222222222
2024-02-11,96,0.8541666666666666,3,0,82,3,0.2847222222222222
2024-02-12,96,0.8333333333333334,3,0,80,3,0.2777777777777778
2024-02-13,96,0.59375,3,0,57,3,0.19791666666666666
2024-02-14,96,0.6354166666666666,3,0,61,3,0.21180555555555555
2024-02-15,96,0.4166666666666667,3,0,40,3,0.1388888888888889
2024-02-16,96,0.3854166666666667,2,0,37,2,0.19270833333333334
2024-02-17,96,0.4166666666666667,3,0,40,3,0.1388888888888889
2024-02-18,96,0.15625,2,0,15,2,0.078125
2024-02-19,96,0.28125,3,0,27,3,0.09375
2024-02-20,96,0.28125,2,0,27,2,0.140625
2024-02-21,96,0.25,2,0,24,2,0.125
2024-02-22,96,0.3645833333333333,2,0,35,2,0.18229166666666666
2024-02-23,96,0.3541666666666667,3,0,34,3,0.11805555555555557
2024-02-24,96,0.46875,3,0,45,3,0.15625
2024-02-25,96,0.40625,2,0,39,2,0.203125
2024-02-26,96,0.2916666666666667,2,0,28,2,0.14583333333333334
2024-02-27,96,0.2916666666666667,2,0,28,2,0.14583333333333334
2024-02-28,96,0.20833333333333334,2,0,20,2,0.10416666666666667
2024-02-29,96,0.3229166666666667,3,0,31,3,0.1076388888888889
2024-03-01,96,0.3020833333333333,3,0,29,3,0.10069444444444443
2024-03-02,96,0.4166666666666667,2,0,40,2,0.20833333333333334
2024-03-03,96,0.28125,3,0,27,3,0.09375
2024-03-04,96,0.17708333333333334,2,0,17,2,0.08854166666666667
2024-03-05,96,0.21875,3,0,21,3,0.07291666666666667
2024-03-06,96,0.13541666666666666,2,0,13,2,0.06770833333333333
2024-03-07,96,0.2604166666666667,2,0,25,2,0.13020833333333334
2024-03-08,96,0.3229166666666667,3,0,31,3,0.1076388888888889
2024-03-09,96,0.3645833333333333,2,0,35,2,0.18229166666666666
2024-03-10,96,0.3541666666666667,2,0,34,2,0.17708333333333334
2024-03-11,96,0.25,2,0,24,2,0.125
2024-03-12,96,0.11458333333333333,1,0,11,1,0.11458333333333333
2024-03-13,96,0.20833333333333334,2,0,20,2,0.10416666666666667
2024-03-14,96,0.28125,2,0,27,2,0.140625
2024-03-15,96,0.3020833333333333,1,0,29,1,0.3020833333333333
2024-03-16,96,0.40625,3,0,39,3,0.13541666666666666
2024-03-17,96,0.34375,2,0,33,2,0.171875
2024-03-18,96,0.1875,1,0,18,1,0.1875
2024-03-19,96,0.2708333333333333,2,0,26,2,0.13541666666666666
2024-03-20,96,0.21875,2,0,21,2,0.109375
2024-03-21,96,0.28125,2,0,27,2,0.140625
2024-03-22,96,0.22916666666666666,3,0,22,3,0.07638888888888888
2024-03-23,96,0.34375,2,0,33,2,0.171875
2024-03-24,96,0.3645833333333333,3,0,35,3,0.12152777777777778
2024-03-25,96,0.17708333333333334,2,0,17,2,0.08854166666666667
2024-03-26,96,0.22916666666666666,3,0,22,3,0.07638888888888888
2024-03-27,96,0.3958333333333333,3,0,38,3,0.13194444444444445
2024-03-28,96,0.1875,2,0,18,2,0.09375
2024-03-29,96,0.3958333333333333,3,0,38,3,0.13194444444444445
2024-03-30,96,0.3958333333333333,2,0,38,2,0.19791666666666666
2024-03-31,96,0.3854166666666667,3,0,37,3,0.12847222222222224
2024-04-01,96,0.3229166666666667,2,0,31,2,0.16145833333333334
2024-04-02,96,0.13541666666666666,1,0,13,1,0.13541666666666666
2024-04-03,96,0.34375,3,0,33,3,0.11458333333333333
2024-04-04,96,0.59375,3,0,57,3,0.19791666666666666
2024-04-05,96,0.6666666666666666,3,0,64,3,0.2222222222222222
2024-04-06,96,0.4270833333333333,3,0,41,3,0.1423611111111111
2024-04-07,96,0.3020833333333333,3,0,29,3,0.10069444444444443
2024-04-08,96,0.1875,2,0,18,2,0.09375
2024-04-09,96,0.17708333333333334,2,0,17,2,0.08854166666666667
2024-04-10,96,0.23958333333333334,3,0,23,3,0.07986111111111112
2024-04-11,96,0.20833333333333334,2,0,20,2,0.10416666666666667
2024-04-12,96,0.25,2,0,24,2,0.125
2024-04-13,96,0.3645833333333333,2,0,35,2,0.18229166666666666
2024-04-14,96,0.3958333333333333,3,0,38,3,0.13194444444444445
2024-04-15,96,0.14583333333333334,2,0,14,2,0.07291666666666667
2024-04-16,96,0.2604166666666667,2,0,25,2,0.13020833333333334
2024-04-17,96,0.28125,2,0,27,2,0.140625
2024-04-18,96,0.25,2,0,24,2,0.125
2024-04-19,96,0.2916666666666667,3,0,28,3,0.09722222222222222
2024-04-20,96,0.3958333333333333,3,0,38,3,0.13194444444444445
2024-04-21,96,0.375,2,0,36,2,0.1875
2024-04-22,96,0.2916666666666667,2,0,28,2,0.14583333333333334
2024-04-23,96,0.3020833333333333,3,0,29,3,0.10069444444444443
2024-04-24,96,0.375,2,0,36,2,0.1875
2024-04-25,96,0.17708333333333334,2,0,17,2,0.08854166666666667
2024-04-26,96,0.25,2,0,24,2,0.125
2024-04-27,96,0.20833333333333334,2,0,20,2,0.10416666666666667
2024-04-28,96,0.16666666666666666,2,0,16,2,0.08333333333333333
2024-04-29,96,0.3229166666666667,3,0,31,3,0.1076388888888889
2024-04-30,96,0.2708333333333333,2,0,26,2,0.13541666666666666
2024-05-01,96,0.4479166666666667,3,0,43,3,0.14930555555555555
2024-05-02,96,0.5729166666666666,3,0,55,3,0.1909722222222222
2024-05-03,96,0.75,3,0,72,3,0.25
2024-05-04,96,0.5729166666666666,3,0,55,3,0.1909722222222222
2024-05-05,96,0.28125,2,0,27,2,0.140625
2024-05-06,96,0.1875,2,0,18,2,0.09375
2024-05-07,96,0.2708333333333333,2,0,26,2,0.13541666666666666
2024-05-08,96,0.2604166666666667,3,0,25,3,0.08680555555555557
2024-05-09,96,0.2708333333333333,2,0,26,2,0.13541666666666666
2024-05-10,96,0.21875,2,0,21,2,0.109375
2024-05-11,96,0.22916666666666666,2,0,22,2,0.11458333333333333
2024-05-12,96,0.3854166666666667,2,0,37,2,0.19270833333333334
2024-05-13,96,0.2916666666666667,2,0,28,2,0.14583333333333334
2024-05-14,96,0.19791666666666666,2,0,19,2,0.09895833333333333
2024-05-15,96,0.2916666666666667,2,0,28,2,0.14583333333333334
2024-05-16,96,0.17708333333333334,2,0,17,2,0.08854166666666667
2024-05-17,96,0.2604166666666667,2,0,25,2,0.13020833333333334
2024-05-18,96,0.40625,2,0,39,2,0.203125
2024-05-19,96,0.4166666666666667,2,0,40,2,0.20833333333333334
2024-05-20,96,0.28125,3,0,27,3,0.09375
2024-05-21,96,0.25,3,0,24,3,0.08333333333333333
2024-05-22,96,0.22916666666666666,2,0,22,2,0.11458333333333333
2024-05-23,96,0.23958333333333334,2,0,23,2,0.11979166666666667
2024-05-24,96,0.2916666666666667,2,0,28,2,0.14583333333333334
2024-05-25,96,0.2916666666666667,2,0,28,2,0.14583333333333334
2024-05-26,96,0.3333333333333333,2,0,32,2,0.16666666666666666
2024-05-27,96,0.1875,2,0,18,2,0.09375
2024-05-28,96,0.2604166666666667,2,0,25,2,0.13020833333333334
2024-05-29,96,0.2604166666666667,2,0,25,2,0.13020833333333334
2024-05-30,96,0.22916666666666666,2,0,22,2,0.11458333333333333
2024-05-31,96,0.20833333333333334,1,0,20,1,0.20833333333333334
2024-06-01,96,0.3541666666666667,2,0,34,2,0.17708333333333334
2024-06-02,96,0.4166666666666667,2,0,40,2,0.20833333333333334
2024-06-03,96,0.20833333333333334,3,0,20,3,0.06944444444444445
2024-06-04,96,0.2604166666666667,2,0,25,2,0.13020833333333334
2024-06-05,96,0.22916666666666666,2,0,22,2,0.11458333333333333
2024-06-06,96,0.34375,2,0,33,2,0.171875
2024-06-07,96,0.19791666666666666,2,0,19,2,0.09895833333333333
2024-06-08,96,0.5104166666666666,3,0,49,3,0.17013888888888887
2024-06-09,96,0.53125,3,0,51,3,0.17708333333333334
2024-06-10,96,0.34375,2,0,33,2,0.171875
2024-06-11,96,0.21875,1,0,21,1,0.21875
2024-06-12,96,0.2604166666666667,2,0,25,2,0.13020833333333334
2024-06-13,96,0.1875,2,0,18,2,0.09375
2024-06-14,96,0.25,2,0,24,2,0.125
2024-06-15,96,0.3854166666666667,3,0,37,3,0.12847222222222224
2024-06-16,96,0.3125,2,0,30,2,0.15625
2024-06-17,96,0.16666666666666666,2,0,16,2,0.08333333333333333
2024-06-18,96,0.2708333333333333,3,0,26,3,0.09027777777777778
2024-06-19,96,0.3229166666666667,3,0,31,3,0.1076388888888889
2024-06-20,96,0.1875,2,0,18,2,0.09375
2024-06-21,96,0.2916666666666667,3,0,28,3,0.09722222222222222
2024-06-22,96,0.3541666666666667,3,0,34,3,0.11805555555555557
2024-06-23,96,0.3020833333333333,2,0,29,2,0.15104166666666666
2024-06-24,96,0.22916666666666666,2,0,22,2,0.11458333333333333
2024-06-25,96,0.1875,2,0,18,2,0.09375
2024-06-26,96,0.21875,3,0,21,3,0.07291666666666667
2024-06-27,96,0.2604166666666667,2,0,25,2,0.13020833333333334
2024-06-28,96,0.34375,2,0,33,2,0.171875
2024-06-29,96,0.2916666666666667,2,0,28,2,0.14583333333333334
2024-06-30,96,0.2604166666666667,3,0,25,3,0.08680555555555557
2024-07-01,96,0.28125,2,0,27,2,0.140625
2024-07-02,96,0.22916666666666666,2,0,22,2,0.11458333333333333
2024-07-03,96,0.20833333333333334,2,0,20,2,0.10416666666666667
2024-07-04,96,0.25,2,0,24,2,0.125
2024-07-05,96,0.4166666666666667,2,0,40,2,0.20833333333333334
2024-07-06,96,0.4270833333333333,2,0,41,2,0.21354166666666666
2024-07-07,96,0.4375,3,0,42,3,0.14583333333333334
2024-07-08,96,0.2916666666666667,3,0,28,3,0.09722222222222222
2024-07-09,96,0.22916666666666666,2,0,22,2,0.11458333333333333
2024-07-10,96,0.2708333333333333,3,0,26,3,0.09027777777777778
2024-07-11,96,0.23958333333333334,2,0,23,2,0.11979166666666667
2024-07-12,96,0.20833333333333334,2,0,20,2,0.10416666666666667
2024-07-13,96,0.375,3,0,36,3,0.125
2024-07-14,96,0.28125,2,0,27,2,0.140625
2024-07-15,96,0.2916666666666667,3,0,28,3,0.09722222222222222
2024-07-16,96,0.2708333333333333,3,0,26,3,0.09027777777777778
2024-07-17,96,0.3541666666666667,3,0,34,3,0.11805555555555557
2024-07-18,96,0.23958333333333334,2,0,23,2,0.11979166666666667
2024-07-19,96,0.28125,2,0,27,2,0.140625
2024-07-20,96,0.4166666666666667,3,0,40,3,0.1388888888888889
2024-07-21,96,0.3020833333333333,2,0,29,2,0.15104166666666666
2024-07-22,96,0.2708333333333333,2,0,26,2,0.13541666666666666
2024-07-23,96,0.2916666666666667,2,0,28,2,0.14583333333333334
2024-07-24,96,0.2604166666666667,2,0,25,2,0.13020833333333334
2024-07-25,96,0.16666666666666666,2,0,16,2,0.08333333333333333
2024-07-26,96,0.21875,2,0,21,2,0.109375
2024-07-27,96,0.375,2,0,36,2,0.1875
2024-07-28,96,0.34375,2,0,33,2,0.171875
2024-07-29,96,0.21875,2,0,21,2,0.109375
2024-07-30,96,0.25,2,0,24,2,0.125
2024-07-31,96,0.28125,2,0,27,2,0.140625
2024-08-01,96,0.2708333333333333,2,0,26,2,0.13541666666666666
2024-08-02,96,0.3229166666666667,2,0,31,2,0.16145833333333334
2024-08-03,96,0.4583333333333333,2,0,44,2,0.22916666666666666
2024-08-04,96,0.3854166666666667,3,0,37,3,0.12847222222222224
2024-08-05,96,0.23958333333333334,2,0,23,2,0.11979166666666667
2024-08-06,96,0.21875,2,0,21,2,0.109375
2024-08-07,96,0.21875,2,0,21,2,0.109375
2024-08-08,96,0.3229166666666667,2,0,31,2,0.16145833333333334
2024-08-09,96,0.3229166666666667,2,0,31,2,0.16145833333333334
2024-08-10,96,0.5,3,0,48,3,0.16666666666666666
2024-08-11,96,0.3958333333333333,3,0,38,3,0.13194444444444445
2024-08-12,96,0.3125,3,0,30,3,0.10416666666666667
2024-08-13,96,0.19791666666666666,2,0,19,2,0.09895833333333333
2024-08-14,96,0.20833333333333334,2,0,20,2,0.10416666666666667
2024-08-15,96,0.22916666666666666,2,0,22,2,0.11458333333333333
2024-08-16,96,0.11458333333333333,1,0,11,1,0.11458333333333333
2024-08-17,96,0.19791666666666666,3,0,19,3,0.06597222222222222
2024-08-18,96,0.15625,3,0,15,3,0.052083333333333336
2024-08-19,96,0.10416666666666667,2,0,10,2,0.052083333333333336
2024-08-20,96,0.22916666666666666,3,0,22,3,0.07638888888888888
2024-08-21,96,0.21875,2,0,21,2,0.109375
2024-08-22,96,0.3020833333333333,2,0,29,2,0.15104166666666666
2024-08-23,96,0.3229166666666667,2,0,31,2,0.16145833333333334
2024-08-24,96,0.3333333333333333,2,0,32,2,0.16666666666666666
2024-08-25,96,0.4166666666666667,2,0,40,2,0.20833333333333334
2024-08-26,96,0.25,2,0,24,2,0.125
2024-08-27,96,0.16666666666666666,2,0,16,2,0.08333333333333333
2024-08-28,96,0.20833333333333334,2,0,20,2,0.10416666666666667
2024-08-29,96,0.2604166666666667,2,0,25,2,0.13020833333333334
2024-08-30,96,0.2604166666666667,2,0,25,2,0.13020833333333334
2024-08-31,96,0.40625,3,0,39,3,0.13541666666666666
2024-09-01,96,0.2708333333333333,2,0,26,2,0.13541666666666666
2024-09-02,96,0.25,2,0,24,2,0.125
2024-09-03,96,0.20833333333333334,2,0,20,2,0.10416666666666667
2024-09-04,96,0.10416666666666667,1,0,10,1,0.10416666666666667
2024-09-05,96,0.2708333333333333,2,0,26,2,0.13541666666666666
2024-09-06,96,0.3333333333333333,2,0,32,2,0.16666666666666666
2024-09-07,96,0.3229166666666667,2,0,31,2,0.16145833333333334
2024-09-08,96,0.19791666666666666,2,0,19,2,0.09895833333333333
2024-09-09,96,0.20833333333333334,2,0,20,2,0.10416666666666667
2024-09-10,96,0.20833333333333334,2,0,20,2,0.10416666666666667
2024-09-11,96,0.3020833333333333,3,0,29,3,0.10069444444444443
2024-09-12,96,0.34375,3,0,33,3,0.11458333333333333
2024-09-13,96,0.4583333333333333,3,0,44,3,0.15277777777777776
2024-09-14,96,0.4479166666666667,3,0,43,3,0.14930555555555555
2024-09-15,96,0.4791666666666667,3,0,46,3,0.15972222222222224
2024-09-16,96,0.0,0,0,0,0,
2024-09-17,96,0.6041666666666666,3,0,58,3,0.20138888888888887
2024-09-18,96,0.2916666666666667,3,0,28,3,0.09722222222222222
2024-09-19,96,0.3645833333333333,2,0,35,2,0.18229166666666666
2024-09-20,96,0.3854166666666667,3,0,37,3,0.12847222222222224
2024-09-21,96,0.3854166666666667,3,0,37,3,0.12847222222222224
2024-09-22,96,0.40625,2,0,39,2,0.203125
2024-09-23,96,0.28125,2,0,27,2,0.140625
2024-09-24,96,0.3229166666666667,2,0,31,2,0.16145833333333334
2024-09-25,96,0.21875,2,0,21,2,0.109375
2024-09-26,96,0.3333333333333333,3,0,32,3,0.1111111111111111
2024-09-27,96,0.4479166666666667,2,0,43,2,0.22395833333333334
2024-09-28,96,0.3645833333333333,2,0,35,2,0.18229166666666666
2024-09-29,96,0.4166666666666667,3,0,40,3,0.1388888888888889
2024-09-30,96,0.3229166666666667,3,0,31,3,0.1076388888888889
2024-10-01,96,0.4895833333333333,3,0,47,3,0.16319444444444445
2024-10-02,96,0.7083333333333334,3,0,68,3,0.23611111111111113
2024-10-03,96,0.96875,3,0,93,3,0.3229166666666667
2024-10-04,96,0.9895833333333334,3,0,95,3,0.3298611111111111
2024-10-05,96,0.6041666666666666,3,0,58,3,0.20138888888888887
2024-10-06,96,0.46875,3,0,45,3,0.15625
2024-10-07,96,0.3645833333333333,3,0,35,3,0.12152777777777778
2024-10-08,96,0.34375,3,0,33,3,0.11458333333333333
2024-10-09,96,0.3125,3,0,30,3,0.10416666666666667
2024-10-10,96,0.3645833333333333,3,0,35,3,0.12152777777777778
2024-10-11,96,0.19791666666666666,3,0,19,3,0.06597222222222222
2024-10-12,96,0.34375,2,0,33,2,0.171875
2024-10-13,96,0.3958333333333333,3,0,38,3,0.13194444444444445
2024-10-14,96,0.22916666666666666,3,0,22,3,0.07638888888888888
2024-10-15,96,0.375,3,0,36,3,0.125
2024-10-16,96,0.3020833333333333,3,0,29,3,0.10069444444444443
2024-10-17,96,0.10416666666666667,1,0,10,1,0.10416666666666667
2024-10-18,96,0.0,0,0,0,0,
2024-10-19,96,0.010416666666666666,1,0,1,1,0.010416666666666666
2024-10-20,96,0.0,0,0,0,0,
2024-10-21,96,0.020833333333333332,1,0,2,1,0.020833333333333332
2024-10-22,96,0.0,0,0,0,0,
2024-10-23,96,0.010416666666666666,1,0,1,1,0.010416666666666666
2024-10-24,96,0.0,0,0,0,0,
2024-10-25,96,0.020833333333333332,1,0,2,1,0.020833333333333332
2024-10-26,96,0.010416666666666666,1,0,1,1,0.010416666666666666
2024-10-27,96,0.020833333333333332,1,0,2,1,0.020833333333333332
2024-10-28,96,0.010416666666666666,1,0,1,1,0.010416666666666666
2024-10-29,96,0.020833333333333332,1,0,2,1,0.020833333333333332
2024-10-30,96,0.010416666666666666,1,0,1,1,0.010416666666666666
2024-10-31,96,0.0,0,0,0,0,
2024-11-01,96,0.0,0,0,0,0,
2024-11-02,96,0.03125,1,0,3,1,0.03125
2024-11-03,96,0.010416666666666666,1,0,1,1,0.010416666666666666
2024-11-04,96,0.03125,1,0,3,1,0.03125
2024-11-05,96,0.0,0,0,0,0,
2024-11-06,96,0.020833333333333332,1,0,2,1,0.020833333333333332
2024-11-07,96,0.0,0,0,0,0,
2024-11-08,96,0.0,0,0,0,0,
2024-11-09,96,0.010416666666666666,1,0,1,1,0.010416666666666666
2024-11-10,96,0.010416666666666666,1,0,1,1,0.010416666666666666
2024-11-11,96,0.0,0,0,0,0,
2024-11-12,96,0.020833333333333332,1,0,2,1,0.020833333333333332
2024-11-13,96,0.0,0,0,0,0,
2024-11-14,96,0.0,0,0,0,0,
2024-11-15,96,0.010416666666666666,1,0,1,1,0.010416666666666666
2024-11-16,96,0.0,0,0,0,0,
2024-11-17,96,0.041666666666666664,1,0,4,1,0.041666666666666664
2024-11-18,96,0.0,0,0,0,0,
2024-11-19,96,0.0,0,0,0,0,
2024-11-20,96,0.0,0,0,0,0,
2024-11-21,96,0.010416666666666666,1,0,1,1,0.010416666666666666
2024-11-22,96,0.010416666666666666,1,0,1,1,0.010416666666666666
2024-11-23,96,0.010416666666666666,1,0,1,1,0.010416666666666666
2024-11-24,96,0.010416666666666666,1,0,1,1,0.010416666666666666
2024-11-25,96,0.0,0,0,0,0,
2024-11-26,96,0.0,0,0,0,0,
2024-11-27,96,0.0,0,0,0,0,
2024-11-28,96,0.010416666666666666,1,0,1,1,0.010416666666666666
2024-11-29,96,0.010416666666666666,1,0,1,1,0.010416666666666666
2024-11-30,96,0.020833333333333332,1,0,2,1,0.020833333333333332
2024-12-01,96,0.010416666666666666,1,0,1,1,0.010416666666666666
2024-12-02,96,0.010416666666666666,1,0,1,1,0.010416666666666666
2024-12-03,96,0.0,0,0,0,0,
2024-12-04,96,0.0,0,0,0,0,
2024-12-05,96,0.020833333333333332,1,0,2,1,0.020833333333333332
2024-12-06,96,0.010416666666666666,1,0,1,1,0.010416666666666666
2024-12-07,96,0.03125,1,0,3,1,0.03125
2024-12-08,96,0.0,0,0,0,0,
2024-12-09,96,0.0,0,0,0,0,
2024-12-10,96,0.020833333333333332,1,0,2,1,0.020833333333333332
2024-12-11,96,0.010416666666666666,1,0,1,1,0.010416666666666666
2024-12-12,96,0.0,0,0,0,0,
2024-12-13,96,0.010416666666666666,1,0,1,1,0.010416666666666666
2024-12-14,96,0.010416666666666666,1,0,1,1,0.010416666666666666
2024-12-15,96,0.010416666666666666,1,0,1,1,0.010416666666666666
2024-12-16,96,0.0,0,0,0,0,
2024-12-17,96,0.010416666666666666,1,0,1,1,0.010416666666666666
2024-12-18,96,0.010416666666666666,1,0,1,1,0.010416666666666666
2024-12-19,96,0.010416666666666666,1,0,1,1,0.010416666666666666
2024-12-20,96,0.0,0,0,0,0,
2024-12-21,96,0.0,0,0,0,0,
2024-12-22,96,0.010416666666666666,1,0,1,1,0.010416666666666666
2024-12-23,96,0.020833333333333332,1,0,2,1,0.020833333333333332
2024-12-24,96,0.0,0,0,0,0,
2024-12-25,96,0.0,0,0,0,0,
2024-12-26,96,0.010416666666666666,1,0,1,1,0.010416666666666666
2024-12-27,96,0.0,0,0,0,0,
2024-12-28,96,0.03125,1,0,3,1,0.03125
2024-12-29,96,0.052083333333333336,1,0,5,1,0.052083333333333336
2024-12-30,96,0.010416666666666666,1,0,1,1,0.010416666666666666
2024-12-31,96,0.010416666666666666,1,0,1,1,0.010416666666666666
