datetime,power,station,month,slot,energy_kWh,period_type,total_price_RMB,tariff_status
2024-01-01 21:00:00,5.7,A5,1,84,1.425,Unspecified,,Excluded: tariff schedule gap
2024-01-01 21:15:00,5.7,A5,1,85,1.425,Unspecified,,Excluded: tariff schedule gap
2024-01-01 21:30:00,16.3,A5,1,86,4.075,Unspecified,,Excluded: tariff schedule gap
2024-01-01 21:45:00,16.3,A5,1,87,4.075,Unspecified,,Excluded: tariff schedule gap
2024-01-02 21:00:00,0.0,A5,1,84,0.0,Unspecified,,Excluded: tariff schedule gap
2024-01-02 21:15:00,0.0,A5,1,85,0.0,Unspecified,,Excluded: tariff schedule gap
2024-01-02 21:30:00,0.0,A5,1,86,0.0,Unspecified,,Excluded: tariff schedule gap
2024-01-02 21:45:00,0.0,A5,1,87,0.0,Unspecified,,Excluded: tariff schedule gap
2024-01-03 21:00:00,6.6,A5,1,84,1.65,Unspecified,,Excluded: tariff schedule gap
2024-01-03 21:15:00,6.6,A5,1,85,1.65,Unspecified,,Excluded: tariff schedule gap
2024-01-03 21:30:00,6.6,A5,1,86,1.65,Unspecified,,Excluded: tariff schedule gap
2024-01-03 21:45:00,21.3,A5,1,87,5.325,Unspecified,,Excluded: tariff schedule gap
2024-01-04 21:00:00,0.0,A5,1,84,0.0,Unspecified,,Excluded: tariff schedule gap
2024-01-04 21:15:00,0.0,A5,1,85,0.0,Unspecified,,Excluded: tariff schedule gap
2024-01-04 21:30:00,0.0,A5,1,86,0.0,Unspecified,,Excluded: tariff schedule gap
2024-01-04 21:45:00,14.9,A5,1,87,3.725,Unspecified,,Excluded: tariff schedule gap
2024-01-05 21:00:00,5.1,A5,1,84,1.275,Unspecified,,Excluded: tariff schedule gap
2024-01-05 21:15:00,5.1,A5,1,85,1.275,Unspecified,,Excluded: tariff schedule gap
2024-01-05 21:30:00,1.7,A5,1,86,0.425,Unspecified,,Excluded: tariff schedule gap
2024-01-05 21:45:00,5.8,A5,1,87,1.45,Unspecified,,Excluded: tariff schedule gap
2024-01-06 21:00:00,0.0,A5,1,84,0.0,Unspecified,,Excluded: tariff schedule gap
2024-01-06 21:15:00,0.0,A5,1,85,0.0,Unspecified,,Excluded: tariff schedule gap
2024-01-06 21:30:00,0.0,A5,1,86,0.0,Unspecified,,Excluded: tariff schedule gap
2024-01-06 21:45:00,0.0,A5,1,87,0.0,Unspecified,,Excluded: tariff schedule gap
2024-01-07 21:00:00,0.0,A5,1,84,0.0,Unspecified,,Excluded: tariff schedule gap
2024-01-07 21:15:00,0.0,A5,1,85,0.0,Unspecified,,Excluded: tariff schedule gap
2024-01-07 21:30:00,0.0,A5,1,86,0.0,Unspecified,,Excluded: tariff schedule gap
2024-01-07 21:45:00,0.0,A5,1,87,0.0,Unspecified,,Excluded: tariff schedule gap
2024-01-08 21:00:00,8.8,A5,1,84,2.2,Unspecified,,Excluded: tariff schedule gap
2024-01-08 21:15:00,6.5,A5,1,85,1.625,Unspecified,,Excluded: tariff schedule gap
2024-01-08 21:30:00,6.3,A5,1,86,1.575,Unspecified,,Excluded: tariff schedule gap
2024-01-08 21:45:00,24.9,A5,1,87,6.225,Unspecified,,Excluded: tariff schedule gap
2024-01-09 21:00:00,0.0,A5,1,84,0.0,Unspecified,,Excluded: tariff schedule gap
2024-01-09 21:15:00,10.4,A5,1,85,2.6,Unspecified,,Excluded: tariff schedule gap
2024-01-09 21:30:00,10.4,A5,1,86,2.6,Unspecified,,Excluded: tariff schedule gap
2024-01-09 21:45:00,16.8,A5,1,87,4.2,Unspecified,,Excluded: tariff schedule gap
2024-01-10 21:00:00,0.0,A5,1,84,0.0,Unspecified,,Excluded: tariff schedule gap
2024-01-10 21:15:00,0.0,A5,1,85,0.0,Unspecified,,Excluded: tariff schedule gap
2024-01-10 21:30:00,0.0,A5,1,86,0.0,Unspecified,,Excluded: tariff schedule gap
2024-01-10 21:45:00,10.0,A5,1,87,2.5,Unspecified,,Excluded: tariff schedule gap
2024-01-11 21:00:00,0.0,A5,1,84,0.0,Unspecified,,Excluded: tariff schedule gap
2024-01-11 21:15:00,6.5,A5,1,85,1.625,Unspecified,,Excluded: tariff schedule gap
2024-01-11 21:30:00,6.5,A5,1,86,1.625,Unspecified,,Excluded: tariff schedule gap
2024-01-11 21:45:00,6.5,A5,1,87,1.625,Unspecified,,Excluded: tariff schedule gap
2024-01-12 21:00:00,14.0,A5,1,84,3.5,Unspecified,,Excluded: tariff schedule gap
2024-01-12 21:15:00,26.1,A5,1,85,6.525,Unspecified,,Excluded: tariff schedule gap
2024-01-12 21:30:00,30.3,A5,1,86,7.575,Unspecified,,Excluded: tariff schedule gap
2024-01-12 21:45:00,26.2,A5,1,87,6.55,Unspecified,,Excluded: tariff schedule gap
2024-01-13 21:00:00,0.0,A5,1,84,0.0,Unspecified,,Excluded: tariff schedule gap
2024-01-13 21:15:00,0.0,A5,1,85,0.0,Unspecified,,Excluded: tariff schedule gap
2024-01-13 21:30:00,0.0,A5,1,86,0.0,Unspecified,,Excluded: tariff schedule gap
2024-01-13 21:45:00,0.0,A5,1,87,0.0,Unspecified,,Excluded: tariff schedule gap
2024-01-14 21:00:00,15.8,A5,1,84,3.95,Unspecified,,Excluded: tariff schedule gap
2024-01-14 21:15:00,15.8,A5,1,85,3.95,Unspecified,,Excluded: tariff schedule gap
2024-01-14 21:30:00,15.3,A5,1,86,3.825,Unspecified,,Excluded: tariff schedule gap
2024-01-14 21:45:00,10.5,A5,1,87,2.625,Unspecified,,Excluded: tariff schedule gap
2024-01-15 21:00:00,0.0,A5,1,84,0.0,Unspecified,,Excluded: tariff schedule gap
2024-01-15 21:15:00,0.0,A5,1,85,0.0,Unspecified,,Excluded: tariff schedule gap
2024-01-15 21:30:00,0.0,A5,1,86,0.0,Unspecified,,Excluded: tariff schedule gap
2024-01-15 21:45:00,0.0,A5,1,87,0.0,Unspecified,,Excluded: tariff schedule gap
2024-01-16 21:00:00,0.0,A5,1,84,0.0,Unspecified,,Excluded: tariff schedule gap
2024-01-16 21:15:00,0.0,A5,1,85,0.0,Unspecified,,Excluded: tariff schedule gap
2024-01-16 21:30:00,0.0,A5,1,86,0.0,Unspecified,,Excluded: tariff schedule gap
2024-01-16 21:45:00,24.8,A5,1,87,6.2,Unspecified,,Excluded: tariff schedule gap
2024-01-17 21:00:00,6.4,A5,1,84,1.6,Unspecified,,Excluded: tariff schedule gap
2024-01-17 21:15:00,17.9,A5,1,85,4.475,Unspecified,,Excluded: tariff schedule gap
2024-01-17 21:30:00,17.9,A5,1,86,4.475,Unspecified,,Excluded: tariff schedule gap
2024-01-17 21:45:00,26.5,A5,1,87,6.625,Unspecified,,Excluded: tariff schedule gap
2024-01-18 21:00:00,0.0,A5,1,84,0.0,Unspecified,,Excluded: tariff schedule gap
2024-01-18 21:15:00,0.0,A5,1,85,0.0,Unspecified,,Excluded: tariff schedule gap
2024-01-18 21:30:00,0.0,A5,1,86,0.0,Unspecified,,Excluded: tariff schedule gap
2024-01-18 21:45:00,0.0,A5,1,87,0.0,Unspecified,,Excluded: tariff schedule gap
2024-01-19 21:00:00,0.0,A5,1,84,0.0,Unspecified,,Excluded: tariff schedule gap
2024-01-19 21:15:00,0.0,A5,1,85,0.0,Unspecified,,Excluded: tariff schedule gap
2024-01-19 21:30:00,0.0,A5,1,86,0.0,Unspecified,,Excluded: tariff schedule gap
2024-01-19 21:45:00,0.0,A5,1,87,0.0,Unspecified,,Excluded: tariff schedule gap
2024-01-20 21:00:00,5.6,A5,1,84,1.4,Unspecified,,Excluded: tariff schedule gap
2024-01-20 21:15:00,5.6,A5,1,85,1.4,Unspecified,,Excluded: tariff schedule gap
2024-01-20 21:30:00,5.6,A5,1,86,1.4,Unspecified,,Excluded: tariff schedule gap
2024-01-20 21:45:00,5.6,A5,1,87,1.4,Unspecified,,Excluded: tariff schedule gap
2024-01-21 21:00:00,4.1,A5,1,84,1.025,Unspecified,,Excluded: tariff schedule gap
2024-01-21 21:15:00,2.8,A5,1,85,0.7,Unspecified,,Excluded: tariff schedule gap
2024-01-21 21:30:00,2.8,A5,1,86,0.7,Unspecified,,Excluded: tariff schedule gap
2024-01-21 21:45:00,8.5,A5,1,87,2.125,Unspecified,,Excluded: tariff schedule gap
2024-01-22 21:00:00,0.0,A5,1,84,0.0,Unspecified,,Excluded: tariff schedule gap
2024-01-22 21:15:00,0.0,A5,1,85,0.0,Unspecified,,Excluded: tariff schedule gap
2024-01-22 21:30:00,0.0,A5,1,86,0.0,Unspecified,,Excluded: tariff schedule gap
2024-01-22 21:45:00,5.3,A5,1,87,1.325,Unspecified,,Excluded: tariff schedule gap
2024-01-23 21:00:00,0.0,A5,1,84,0.0,Unspecified,,Excluded: tariff schedule gap
2024-01-23 21:15:00,0.0,A5,1,85,0.0,Unspecified,,Excluded: tariff schedule gap
2024-01-23 21:30:00,0.0,A5,1,86,0.0,Unspecified,,Excluded: tariff schedule gap
2024-01-23 21:45:00,18.8,A5,1,87,4.7,Unspecified,,Excluded: tariff schedule gap
2024-01-24 21:00:00,15.4,A5,1,84,3.85,Unspecified,,Excluded: tariff schedule gap
2024-01-24 21:15:00,14.9,A5,1,85,3.725,Unspecified,,Excluded: tariff schedule gap
2024-01-24 21:30:00,12.8,A5,1,86,3.2,Unspecified,,Excluded: tariff schedule gap
2024-01-24 21:45:00,12.8,A5,1,87,3.2,Unspecified,,Excluded: tariff schedule gap
2024-01-25 21:00:00,6.9,A5,1,84,1.725,Unspecified,,Excluded: tariff schedule gap
2024-01-25 21:15:00,6.9,A5,1,85,1.725,Unspecified,,Excluded: tariff schedule gap
2024-01-25 21:30:00,6.9,A5,1,86,1.725,Unspecified,,Excluded: tariff schedule gap
2024-01-25 21:45:00,25.7,A5,1,87,6.425,Unspecified,,Excluded: tariff schedule gap
2024-01-26 21:00:00,24.0,A5,1,84,6.0,Unspecified,,Excluded: tariff schedule gap
2024-01-26 21:15:00,24.0,A5,1,85,6.0,Unspecified,,Excluded: tariff schedule gap
2024-01-26 21:30:00,22.5,A5,1,86,5.625,Unspecified,,Excluded: tariff schedule gap
2024-01-26 21:45:00,24.5,A5,1,87,6.125,Unspecified,,Excluded: tariff schedule gap
2024-01-27 21:00:00,6.9,A5,1,84,1.725,Unspecified,,Excluded: tariff schedule gap
2024-01-27 21:15:00,6.9,A5,1,85,1.725,Unspecified,,Excluded: tariff schedule gap
2024-01-27 21:30:00,6.9,A5,1,86,1.725,Unspecified,,Excluded: tariff schedule gap
2024-01-27 21:45:00,13.2,A5,1,87,3.3,Unspecified,,Excluded: tariff schedule gap
2024-01-28 21:00:00,0.0,A5,1,84,0.0,Unspecified,,Excluded: tariff schedule gap
2024-01-28 21:15:00,0.0,A5,1,85,0.0,Unspecified,,Excluded: tariff schedule gap
2024-01-28 21:30:00,0.0,A5,1,86,0.0,Unspecified,,Excluded: tariff schedule gap
2024-01-28 21:45:00,0.0,A5,1,87,0.0,Unspecified,,Excluded: tariff schedule gap
2024-01-29 21:00:00,2.5,A5,1,84,0.625,Unspecified,,Excluded: tariff schedule gap
2024-01-29 21:15:00,8.2,A5,1,85,2.05,Unspecified,,Excluded: tariff schedule gap
2024-01-29 21:30:00,6.2,A5,1,86,1.55,Unspecified,,Excluded: tariff schedule gap
2024-01-29 21:45:00,5.7,A5,1,87,1.425,Unspecified,,Excluded: tariff schedule gap
2024-01-30 21:00:00,0.0,A5,1,84,0.0,Unspecified,,Excluded: tariff schedule gap
2024-01-30 21:15:00,0.0,A5,1,85,0.0,Unspecified,,Excluded: tariff schedule gap
2024-01-30 21:30:00,0.0,A5,1,86,0.0,Unspecified,,Excluded: tariff schedule gap
2024-01-30 21:45:00,0.0,A5,1,87,0.0,Unspecified,,Excluded: tariff schedule gap
2024-01-31 21:00:00,0.0,A5,1,84,0.0,Unspecified,,Excluded: tariff schedule gap
2024-01-31 21:15:00,0.0,A5,1,85,0.0,Unspecified,,Excluded: tariff schedule gap
2024-01-31 21:30:00,0.0,A5,1,86,0.0,Unspecified,,Excluded: tariff schedule gap
2024-01-31 21:45:00,0.0,A5,1,87,0.0,Unspecified,,Excluded: tariff schedule gap
2024-12-01 21:00:00,9.1,A5,12,84,2.275,Unspecified,,Excluded: tariff schedule gap
2024-12-01 21:15:00,9.1,A5,12,85,2.275,Unspecified,,Excluded: tariff schedule gap
2024-12-01 21:30:00,9.1,A5,12,86,2.275,Unspecified,,Excluded: tariff schedule gap
2024-12-01 21:45:00,9.1,A5,12,87,2.275,Unspecified,,Excluded: tariff schedule gap
2024-12-02 21:00:00,22.5,A5,12,84,5.625,Unspecified,,Excluded: tariff schedule gap
2024-12-02 21:15:00,28.0,A5,12,85,7.0,Unspecified,,Excluded: tariff schedule gap
2024-12-02 21:30:00,28.0,A5,12,86,7.0,Unspecified,,Excluded: tariff schedule gap
2024-12-02 21:45:00,28.0,A5,12,87,7.0,Unspecified,,Excluded: tariff schedule gap
2024-12-03 21:00:00,0.0,A5,12,84,0.0,Unspecified,,Excluded: tariff schedule gap
2024-12-03 21:15:00,0.0,A5,12,85,0.0,Unspecified,,Excluded: tariff schedule gap
2024-12-03 21:30:00,0.0,A5,12,86,0.0,Unspecified,,Excluded: tariff schedule gap
2024-12-03 21:45:00,0.0,A5,12,87,0.0,Unspecified,,Excluded: tariff schedule gap
2024-12-04 21:00:00,6.5,A5,12,84,1.625,Unspecified,,Excluded: tariff schedule gap
2024-12-04 21:15:00,6.5,A5,12,85,1.625,Unspecified,,Excluded: tariff schedule gap
2024-12-04 21:30:00,1.0,A5,12,86,0.25,Unspecified,,Excluded: tariff schedule gap
2024-12-04 21:45:00,5.6,A5,12,87,1.4,Unspecified,,Excluded: tariff schedule gap
2024-12-05 21:00:00,2.1,A5,12,84,0.525,Unspecified,,Excluded: tariff schedule gap
2024-12-05 21:15:00,2.1,A5,12,85,0.525,Unspecified,,Excluded: tariff schedule gap
2024-12-05 21:30:00,2.1,A5,12,86,0.525,Unspecified,,Excluded: tariff schedule gap
2024-12-05 21:45:00,2.1,A5,12,87,0.525,Unspecified,,Excluded: tariff schedule gap
2024-12-06 21:00:00,0.0,A5,12,84,0.0,Unspecified,,Excluded: tariff schedule gap
2024-12-06 21:15:00,0.0,A5,12,85,0.0,Unspecified,,Excluded: tariff schedule gap
2024-12-06 21:30:00,5.2,A5,12,86,1.3,Unspecified,,Excluded: tariff schedule gap
2024-12-06 21:45:00,5.2,A5,12,87,1.3,Unspecified,,Excluded: tariff schedule gap
2024-12-07 21:00:00,3.1,A5,12,84,0.775,Unspecified,,Excluded: tariff schedule gap
2024-12-07 21:15:00,1.1,A5,12,85,0.275,Unspecified,,Excluded: tariff schedule gap
2024-12-07 21:30:00,0.0,A5,12,86,0.0,Unspecified,,Excluded: tariff schedule gap
2024-12-07 21:45:00,0.0,A5,12,87,0.0,Unspecified,,Excluded: tariff schedule gap
2024-12-08 21:00:00,0.0,A5,12,84,0.0,Unspecified,,Excluded: tariff schedule gap
2024-12-08 21:15:00,0.0,A5,12,85,0.0,Unspecified,,Excluded: tariff schedule gap
2024-12-08 21:30:00,5.7,A5,12,86,1.425,Unspecified,,Excluded: tariff schedule gap
2024-12-08 21:45:00,5.7,A5,12,87,1.425,Unspecified,,Excluded: tariff schedule gap
2024-12-09 21:00:00,6.4,A5,12,84,1.6,Unspecified,,Excluded: tariff schedule gap
2024-12-09 21:15:00,11.6,A5,12,85,2.9,Unspecified,,Excluded: tariff schedule gap
2024-12-09 21:30:00,11.6,A5,12,86,2.9,Unspecified,,Excluded: tariff schedule gap
2024-12-09 21:45:00,11.6,A5,12,87,2.9,Unspecified,,Excluded: tariff schedule gap
2024-12-10 21:00:00,8.8,A5,12,84,2.2,Unspecified,,Excluded: tariff schedule gap
2024-12-10 21:15:00,8.8,A5,12,85,2.2,Unspecified,,Excluded: tariff schedule gap
2024-12-10 21:30:00,8.8,A5,12,86,2.2,Unspecified,,Excluded: tariff schedule gap
2024-12-10 21:45:00,15.2,A5,12,87,3.8,Unspecified,,Excluded: tariff schedule gap
2024-12-11 21:00:00,6.2,A5,12,84,1.55,Unspecified,,Excluded: tariff schedule gap
2024-12-11 21:15:00,6.2,A5,12,85,1.55,Unspecified,,Excluded: tariff schedule gap
2024-12-11 21:30:00,6.2,A5,12,86,1.55,Unspecified,,Excluded: tariff schedule gap
2024-12-11 21:45:00,11.2,A5,12,87,2.8,Unspecified,,Excluded: tariff schedule gap
2024-12-12 21:00:00,0.0,A5,12,84,0.0,Unspecified,,Excluded: tariff schedule gap
2024-12-12 21:15:00,0.0,A5,12,85,0.0,Unspecified,,Excluded: tariff schedule gap
2024-12-12 21:30:00,0.0,A5,12,86,0.0,Unspecified,,Excluded: tariff schedule gap
2024-12-12 21:45:00,0.0,A5,12,87,0.0,Unspecified,,Excluded: tariff schedule gap
2024-12-13 21:00:00,26.3,A5,12,84,6.575,Unspecified,,Excluded: tariff schedule gap
2024-12-13 21:15:00,26.2,A5,12,85,6.55,Unspecified,,Excluded: tariff schedule gap
2024-12-13 21:30:00,7.2,A5,12,86,1.8,Unspecified,,Excluded: tariff schedule gap
2024-12-13 21:45:00,7.2,A5,12,87,1.8,Unspecified,,Excluded: tariff schedule gap
2024-12-14 21:00:00,5.9,A5,12,84,1.475,Unspecified,,Excluded: tariff schedule gap
2024-12-14 21:15:00,5.9,A5,12,85,1.475,Unspecified,,Excluded: tariff schedule gap
2024-12-14 21:30:00,5.9,A5,12,86,1.475,Unspecified,,Excluded: tariff schedule gap
2024-12-14 21:45:00,5.9,A5,12,87,1.475,Unspecified,,Excluded: tariff schedule gap
2024-12-15 21:00:00,12.6,A5,12,84,3.15,Unspecified,,Excluded: tariff schedule gap
2024-12-15 21:15:00,12.6,A5,12,85,3.15,Unspecified,,Excluded: tariff schedule gap
2024-12-15 21:30:00,12.6,A5,12,86,3.15,Unspecified,,Excluded: tariff schedule gap
2024-12-15 21:45:00,10.1,A5,12,87,2.525,Unspecified,,Excluded: tariff schedule gap
2024-12-16 21:00:00,2.6,A5,12,84,0.65,Unspecified,,Excluded: tariff schedule gap
2024-12-16 21:15:00,2.6,A5,12,85,0.65,Unspecified,,Excluded: tariff schedule gap
2024-12-16 21:30:00,2.6,A5,12,86,0.65,Unspecified,,Excluded: tariff schedule gap
2024-12-16 21:45:00,2.6,A5,12,87,0.65,Unspecified,,Excluded: tariff schedule gap
2024-12-17 21:00:00,6.0,A5,12,84,1.5,Unspecified,,Excluded: tariff schedule gap
2024-12-17 21:15:00,6.0,A5,12,85,1.5,Unspecified,,Excluded: tariff schedule gap
2024-12-17 21:30:00,6.0,A5,12,86,1.5,Unspecified,,Excluded: tariff schedule gap
2024-12-17 21:45:00,11.9,A5,12,87,2.975,Unspecified,,Excluded: tariff schedule gap
2024-12-18 21:00:00,24.0,A5,12,84,6.0,Unspecified,,Excluded: tariff schedule gap
2024-12-18 21:15:00,24.0,A5,12,85,6.0,Unspecified,,Excluded: tariff schedule gap
2024-12-18 21:30:00,30.5,A5,12,86,7.625,Unspecified,,Excluded: tariff schedule gap
2024-12-18 21:45:00,36.4,A5,12,87,9.1,Unspecified,,Excluded: tariff schedule gap
2024-12-19 21:00:00,5.8,A5,12,84,1.45,Unspecified,,Excluded: tariff schedule gap
2024-12-19 21:15:00,5.8,A5,12,85,1.45,Unspecified,,Excluded: tariff schedule gap
2024-12-19 21:30:00,5.8,A5,12,86,1.45,Unspecified,,Excluded: tariff schedule gap
2024-12-19 21:45:00,5.8,A5,12,87,1.45,Unspecified,,Excluded: tariff schedule gap
2024-12-20 21:00:00,8.3,A5,12,84,2.075,Unspecified,,Excluded: tariff schedule gap
2024-12-20 21:15:00,4.1,A5,12,85,1.025,Unspecified,,Excluded: tariff schedule gap
2024-12-20 21:30:00,4.1,A5,12,86,1.025,Unspecified,,Excluded: tariff schedule gap
2024-12-20 21:45:00,4.1,A5,12,87,1.025,Unspecified,,Excluded: tariff schedule gap
2024-12-21 21:00:00,0.0,A5,12,84,0.0,Unspecified,,Excluded: tariff schedule gap
2024-12-21 21:15:00,0.0,A5,12,85,0.0,Unspecified,,Excluded: tariff schedule gap
2024-12-21 21:30:00,0.0,A5,12,86,0.0,Unspecified,,Excluded: tariff schedule gap
2024-12-21 21:45:00,0.0,A5,12,87,0.0,Unspecified,,Excluded: tariff schedule gap
2024-12-22 21:00:00,0.0,A5,12,84,0.0,Unspecified,,Excluded: tariff schedule gap
2024-12-22 21:15:00,0.0,A5,12,85,0.0,Unspecified,,Excluded: tariff schedule gap
2024-12-22 21:30:00,0.0,A5,12,86,0.0,Unspecified,,Excluded: tariff schedule gap
2024-12-22 21:45:00,0.0,A5,12,87,0.0,Unspecified,,Excluded: tariff schedule gap
2024-12-23 21:00:00,13.0,A5,12,84,3.25,Unspecified,,Excluded: tariff schedule gap
2024-12-23 21:15:00,8.2,A5,12,85,2.05,Unspecified,,Excluded: tariff schedule gap
2024-12-23 21:30:00,6.4,A5,12,86,1.6,Unspecified,,Excluded: tariff schedule gap
2024-12-23 21:45:00,12.6,A5,12,87,3.15,Unspecified,,Excluded: tariff schedule gap
2024-12-24 21:00:00,1.7,A5,12,84,0.425,Unspecified,,Excluded: tariff schedule gap
2024-12-24 21:15:00,1.7,A5,12,85,0.425,Unspecified,,Excluded: tariff schedule gap
2024-12-24 21:30:00,7.9,A5,12,86,1.975,Unspecified,,Excluded: tariff schedule gap
2024-12-24 21:45:00,7.9,A5,12,87,1.975,Unspecified,,Excluded: tariff schedule gap
2024-12-25 21:00:00,5.9,A5,12,84,1.475,Unspecified,,Excluded: tariff schedule gap
2024-12-25 21:15:00,5.9,A5,12,85,1.475,Unspecified,,Excluded: tariff schedule gap
2024-12-25 21:30:00,5.9,A5,12,86,1.475,Unspecified,,Excluded: tariff schedule gap
2024-12-25 21:45:00,5.9,A5,12,87,1.475,Unspecified,,Excluded: tariff schedule gap
2024-12-26 21:00:00,0.0,A5,12,84,0.0,Unspecified,,Excluded: tariff schedule gap
2024-12-26 21:15:00,0.0,A5,12,85,0.0,Unspecified,,Excluded: tariff schedule gap
2024-12-26 21:30:00,0.0,A5,12,86,0.0,Unspecified,,Excluded: tariff schedule gap
2024-12-26 21:45:00,0.0,A5,12,87,0.0,Unspecified,,Excluded: tariff schedule gap
2024-12-27 21:00:00,9.9,A5,12,84,2.475,Unspecified,,Excluded: tariff schedule gap
2024-12-27 21:15:00,9.9,A5,12,85,2.475,Unspecified,,Excluded: tariff schedule gap
2024-12-27 21:30:00,9.9,A5,12,86,2.475,Unspecified,,Excluded: tariff schedule gap
2024-12-27 21:45:00,9.9,A5,12,87,2.475,Unspecified,,Excluded: tariff schedule gap
2024-12-28 21:00:00,0.0,A5,12,84,0.0,Unspecified,,Excluded: tariff schedule gap
2024-12-28 21:15:00,0.0,A5,12,85,0.0,Unspecified,,Excluded: tariff schedule gap
2024-12-28 21:30:00,0.0,A5,12,86,0.0,Unspecified,,Excluded: tariff schedule gap
2024-12-28 21:45:00,0.0,A5,12,87,0.0,Unspecified,,Excluded: tariff schedule gap
2024-12-29 21:00:00,0.0,A5,12,84,0.0,Unspecified,,Excluded: tariff schedule gap
2024-12-29 21:15:00,0.0,A5,12,85,0.0,Unspecified,,Excluded: tariff schedule gap
2024-12-29 21:30:00,0.0,A5,12,86,0.0,Unspecified,,Excluded: tariff schedule gap
2024-12-29 21:45:00,0.0,A5,12,87,0.0,Unspecified,,Excluded: tariff schedule gap
2024-12-30 21:00:00,0.0,A5,12,84,0.0,Unspecified,,Excluded: tariff schedule gap
2024-12-30 21:15:00,0.0,A5,12,85,0.0,Unspecified,,Excluded: tariff schedule gap
2024-12-30 21:30:00,6.2,A5,12,86,1.55,Unspecified,,Excluded: tariff schedule gap
2024-12-30 21:45:00,6.2,A5,12,87,1.55,Unspecified,,Excluded: tariff schedule gap
2024-12-31 21:00:00,0.0,A5,12,84,0.0,Unspecified,,Excluded: tariff schedule gap
2024-12-31 21:15:00,0.0,A5,12,85,0.0,Unspecified,,Excluded: tariff schedule gap
2024-12-31 21:30:00,0.0,A5,12,86,0.0,Unspecified,,Excluded: tariff schedule gap
2024-12-31 21:45:00,0.0,A5,12,87,0.0,Unspecified,,Excluded: tariff schedule gap
