station,period_type,intervals,mean_price_RMB,mean_power_kW,energy_kWh,estimated_cost_RMB,valid_intervals,valid_energy_kWh,time_share_pct,energy_share_pct,concentration_ratio
A1,Off-peak,11712,0.9298770491803278,361.8010331284153,1059353.425,990071.3581249999,35136,2370597.35,33.333333333333336,44.68719350420264,1.340615805126079
A1,Peak,8784,1.3514417122040072,121.12650273224043,265993.8,359562.270985,35136,2370597.35,25.0,11.2205389919971,0.448821559679884
A1,Sharp,992,1.8,98.14233870967742,24339.3,43810.74,35136,2370597.35,2.8233151183970855,1.0267159034831452,0.3636561490401592
A1,Shoulder,13648,1.1348944900351698,299.2118478898007,1020910.825,1161330.902945,35136,2370597.35,38.84335154826958,43.06555160031711,1.1086981396752211
A10,Off-peak,3072,0.9392708333333334,358.2724609375,275153.25,281427.15075000003,9216,388484.15,33.333333333333336,70.8274069868745,2.1248222096062346
A10,Peak,2056,1.3657198443579768,23.85535019455253,12261.65,17140.725,9216,388484.15,22.30902777777778,3.1562806359023914,0.14147997247313443
A10,Sharp,248,1.8,26.655645161290323,1652.65,2974.77,9216,388484.15,2.6909722222222223,0.42540989124009304,0.15808780474470555
A10,Shoulder,3840,1.1521875,103.55895833333334,99416.6,120362.9795,9216,388484.15,41.666666666666664,25.59090248598302,0.6141816596635925
A2,Off-peak,11712,0.9294836065573769,1010.9698258196721,2960119.65,2748455.0374525,35136,5939780.025,33.333333333333336,49.83550969128692,1.4950652907386075
A2,Peak,8784,1.350040072859745,327.0269581056466,718151.2,970131.7241300001,35136,5939780.025,25.0,12.09053528880474,0.4836214115521896
A2,Sharp,992,1.8,262.8584677419355,65188.9,117340.02,35136,5939780.025,2.8233151183970855,1.0974968723694443,0.38872631156827414
A2,Shoulder,13648,1.1336987104337632,643.7046526963658,2196320.275,2496016.30687,35136,5939780.025,38.84335154826958,36.976458147538885,0.9519378908791957
A3,Off-peak,11712,1.05,1557.647899590164,4560793.05,4788832.702500001,35136,5076165.525,33.333333333333336,89.84720903087572,2.6954162709262715
A3,Peak,8784,1.4597449908925317,42.98312841530055,94390.95,137920.24875,35136,5076165.525,25.0,1.8594931456653,0.07437972582661201
A3,Sharp,992,1.9,30.779838709677417,7633.4,14503.46,35136,5076165.525,2.8233151183970855,0.15037728699755115,0.05326266487848747
A3,Shoulder,13648,1.25,121.14540592028136,413348.125,516685.15625,35136,5076165.525,38.84335154826958,8.142920536461427,0.20963485929741257
A5,Off-peak,11712,0.8309999999999998,15.337235314207652,44907.425,37318.070175,34888,70198.1,33.57028204540243,63.97242233051891,1.9056265968810995
A5,Peak,8784,1.141,4.502766393442624,9888.075,11282.293575,34888,70198.1,25.177711534051824,14.085958166958935,0.559461416813369
A5,Sharp,992,1.141,4.910483870967742,1217.8,1389.5098,34888,70198.1,2.8433845448291675,1.734804788163782,0.6101196517082462
A5,Shoulder,13400,1.141,4.234268656716417,14184.8,16184.8568,34888,70198.1,38.40862187571658,20.206814714358366,0.5261010087720408
A6,Off-peak,11712,0.631,34.97226775956284,102398.8,64613.6428,35136,220268.425,33.333333333333336,46.48818821853382,1.3946456465560146
A6,Peak,8784,0.9409999999999998,24.29839480874317,53359.275,50211.077775,35136,220268.425,25.0,24.224659072220636,0.9689863628888254
A6,Sharp,992,0.941,28.51381048387097,7071.425,6654.210924999999,35136,220268.425,2.8233151183970855,3.210367078259174,1.1370913070737332
A6,Shoulder,13648,0.941,16.83438599062134,57438.925,54050.028425,35136,220268.425,38.84335154826958,26.076785630986375,0.6713320192924511
