slot,A5_mean_power_kW,A6_mean_power_kW
0,22.727868852459014,53.6344262295082
1,21.5155737704918,51.85109289617486
2,20.23224043715847,49.84699453551912
3,19.499180327868853,48.01065573770492
4,18.568032786885244,45.802185792349725
5,17.692622950819672,43.777868852459015
6,16.932513661202186,41.77732240437158
7,16.39016393442623,39.62786885245902
8,15.582786885245902,37.37732240437158
9,14.419398907103826,34.71174863387978
10,13.472131147540985,31.91775956284153
11,12.46584699453552,29.192622950819672
12,11.477322404371584,26.412295081967212
13,10.611202185792349,23.67021857923497
14,9.827868852459016,21.521038251366118
15,8.990983606557377,19.345081967213115
16,8.085792349726777,17.280054644808743
17,7.139617486338798,15.39726775956284
18,6.238797814207651,13.786612021857923
19,5.477049180327868,12.247814207650272
20,4.71775956284153,10.765300546448087
21,4.151639344262295,9.333060109289617
22,3.8382513661202187,8.454918032786885
23,3.304371584699454,7.857377049180329
24,2.4912568306010927,6.8158469945355185
25,2.3420765027322408,6.229781420765027
26,1.8459016393442624,5.733606557377049
27,1.5177595628415301,5.447267759562842
28,1.5021857923497266,5.462568306010929
29,1.4387978142076503,5.357103825136612
30,1.6650273224043715,5.866120218579235
31,2.210928961748634,6.495628415300547
32,2.337158469945355,7.646174863387978
33,2.1437158469945357,9.824590163934428
34,2.0163934426229506,10.858469945355191
35,2.1939890710382515,12.04207650273224
36,2.2540983606557377,12.936885245901639
37,2.5245901639344264,14.04207650273224
38,2.7382513661202186,15.014754098360655
39,2.90655737704918,15.417486338797815
40,3.0795081967213114,15.757103825136612
41,3.422950819672131,15.84672131147541
42,3.6385245901639345,15.946994535519126
43,3.8685792349726777,16.05109289617486
44,3.8786885245901637,16.33743169398907
45,4.426502732240437,16.59153005464481
46,4.691803278688525,16.473497267759562
47,4.916393442622951,16.387158469945355
48,4.775956284153006,16.69016393442623
49,4.918306010928961,16.667486338797815
50,4.895355191256831,16.27185792349727
51,4.660655737704918,16.12049180327869
52,4.773770491803279,16.016120218579236
53,4.771038251366121,15.795628415300547
54,4.6841530054644815,15.571311475409837
55,4.565300546448087,15.327049180327869
56,4.328142076502732,14.993989071038252
57,3.984153005464481,14.549453551912569
58,3.9658469945355193,14.389344262295081
59,4.185519125683061,14.370765027322404
60,4.416120218579235,14.212295081967213
61,4.134972677595629,14.390437158469945
62,4.378142076502733,14.176502732240438
63,4.387978142076503,14.606284153005463
64,4.282513661202186,15.32158469945355
65,4.259562841530054,16.35464480874317
66,4.388251366120218,17.7655737704918
67,4.691803278688525,19.169945355191256
68,5.016393442622951,20.823224043715847
69,5.4,22.462841530054643
70,5.8158469945355185,24.657103825136613
71,6.254371584699453,26.398360655737704
72,6.5415300546448085,28.57431693989071
73,7.428415300546448,31.526502732240438
74,7.361748633879782,34.61939890710383
75,7.417213114754098,38.748360655737706
76,7.289344262295082,40.59754098360656
77,7.003825136612022,41.590437158469946
78,6.671584699453552,41.613661202185796
79,6.490437158469946,40.956830601092896
80,6.154371584699454,40.460928961748635
81,5.854371584699453,39.34699453551912
82,5.63224043715847,38.18633879781421
83,5.561475409836065,37.70163934426229
84,5.503825136612022,37.65792349726776
85,5.460655737704918,37.809016393442626
86,5.545901639344263,37.98497267759563
87,6.812841530054645,39.13333333333333
88,24.04808743169399,53.45437158469945
89,26.16502732240437,56.424043715847
90,27.000273224043717,57.50382513661203
91,27.02021857923497,57.95846994535519
92,26.446994535519128,57.73224043715847
93,26.158196721311473,56.97540983606557
94,24.651912568306013,55.48224043715847
95,15.941803278688525,29.983060109289614
