date,intervals,average_kW,peak_kW,valley_kW,peak_valley_kW,load_factor,energy_kWh
2024-09-27,96,0.8583333333333334,33.6,0.0,33.6,0.02554563492063492,20.6
2024-09-28,96,1.9291666666666665,34.9,0.0,34.9,0.05527698185291308,46.3
2024-09-29,96,11.652083333333332,179.7,0.0,179.7,0.06484186607308477,279.65
2024-09-30,96,11.488541666666668,100.1,0.0,100.1,0.11477064602064604,275.725
2024-10-01,96,8.526041666666666,75.5,0.0,75.5,0.11292770419426047,204.625
2024-10-02,96,5.9875,65.0,0.0,65.0,0.09211538461538461,143.7
2024-10-03,96,5.637499999999999,75.0,0.0,75.0,0.07516666666666666,135.29999999999998
2024-10-04,96,3.170833333333333,58.0,0.0,58.0,0.05466954022988505,76.1
2024-10-05,96,2.15,43.9,0.0,43.9,0.0489749430523918,51.6
2024-10-06,96,3.25625,40.7,0.0,40.7,0.0800061425061425,78.15
2024-10-07,96,9.132291666666665,87.2,0.0,87.2,0.10472811544342506,219.17499999999998
2024-10-08,96,22.916666666666668,210.2,0.0,210.2,0.10902315255312402,550.0
2024-10-09,96,16.002083333333335,164.2,0.0,164.2,0.09745483150629315,384.05
2024-10-10,96,34.265625,204.5,0.0,204.5,0.1675580684596577,822.375
2024-10-11,96,23.327083333333334,116.7,0.0,116.7,0.19988931733790347,559.85
2024-10-12,96,32.623958333333334,142.0,0.0,142.0,0.2297461854460094,782.975
2024-10-13,96,37.65625,192.1,0.0,192.1,0.19602420614263405,903.75
2024-10-14,96,32.458333333333336,156.9,0.0,156.9,0.20687274272360315,779.0
2024-10-15,96,51.55520833333333,204.0,0.0,204.0,0.2527216094771242,1237.325
2024-10-16,96,52.40520833333333,271.7,0.0,271.7,0.19287894123420438,1257.725
2024-10-17,96,73.825,256.0,0.0,256.0,0.28837890625,1771.8
2024-10-18,96,63.090624999999996,234.6,0.0,234.6,0.2689284953111679,1514.175
2024-10-19,96,69.41458333333334,287.6,0.0,287.6,0.24135807834955958,1665.95
2024-10-20,96,66.64270833333333,245.8,0.0,245.8,0.2711257458638459,1599.425
2024-10-21,96,50.97291666666666,245.0,0.0,245.0,0.20805272108843537,1223.35
2024-10-22,96,66.640625,262.8,0.0,262.8,0.2535792427701674,1599.375
2024-10-23,96,79.95416666666667,392.9,0.0,392.9,0.20349749724272503,1918.9
2024-10-24,96,67.08854166666667,258.7,0.0,258.7,0.25932950006442473,1610.125
2024-10-25,96,73.88437499999999,344.5,0.0,344.5,0.21446843251088532,1773.225
2024-10-26,96,85.125,407.2,0.0,407.2,0.20904960707269155,2043.0
2024-10-27,96,81.68541666666667,411.3,0.0,411.3,0.1986030067266391,1960.45
2024-10-28,96,87.42916666666667,338.4,0.0,338.4,0.2583604215918046,2098.3
2024-10-29,96,139.31562499999998,574.3,0.0,574.3,0.24258336235417027,3343.575
2024-10-30,96,130.81979166666667,532.9,0.0,532.9,0.24548656721085885,3139.675
2024-10-31,96,141.54270833333334,490.3,0.0,490.3,0.28868592358420014,3397.025
2024-11-01,96,135.41145833333334,494.2,0.0,494.2,0.27400133211925,3249.875
2024-11-02,96,91.47812499999999,361.7,0.0,361.7,0.25291159800940005,2195.475
2024-11-03,96,88.87083333333334,502.9,0.0,502.9,0.176716709750116,2132.9
2024-11-04,96,111.98541666666667,478.1,0.0,478.1,0.23423011224987797,2687.65
2024-11-05,96,80.078125,321.1,0.0,321.1,0.24938687324820927,1921.875
2024-11-06,96,108.34895833333333,578.4,0.0,578.4,0.18732530832180727,2600.375
2024-11-07,96,119.66250000000001,502.8,0.0,502.8,0.23799224343675418,2871.9
2024-11-08,96,126.73020833333334,519.3,0.0,519.3,0.24404045509981387,3041.525
2024-11-09,96,174.115625,647.8,0.0,647.8,0.26877990892250697,4178.775
2024-11-10,96,221.38333333333333,919.0,0.0,919.0,0.24089590134203845,5313.2
2024-11-11,96,225.490625,805.2,0.0,805.2,0.28004300173869845,5411.775
2024-11-12,96,191.78333333333333,667.7,0.0,667.7,0.28722979381957964,4602.8
2024-11-13,96,192.946875,824.8,0.0,824.8,0.23393171071774976,4630.725
2024-11-14,96,211.17291666666665,809.5,0.0,809.5,0.26086833436277534,5068.15
2024-11-15,96,199.78020833333335,767.2,0.0,767.2,0.26040173140424056,4794.725
2024-11-16,96,231.84166666666667,1061.8,0.0,1061.8,0.2183477742198782,5564.2
2024-11-17,96,220.1604166666667,888.9,0.0,888.9,0.24767737278284024,5283.85
2024-11-18,96,221.834375,858.1,0.0,858.1,0.25851809229693506,5324.025
2024-11-19,96,224.26041666666666,972.5,0.0,972.5,0.230601970865467,5382.25
2024-11-20,96,211.64270833333333,844.9,0.0,844.9,0.2504943878960035,5079.425
2024-11-21,96,245.28229166666665,805.5,0.0,805.5,0.30450936271466994,5886.775
2024-11-22,96,234.19479166666667,747.0,0.0,747.0,0.31351377733154845,5620.675
2024-11-23,96,286.92812499999997,1068.2,0.0,1068.2,0.26860899176184233,6886.275
2024-11-24,96,221.521875,860.0,0.0,860.0,0.25758357558139533,5316.525
2024-11-25,96,216.88958333333335,947.1,0.0,947.1,0.22900388906486469,5205.35
2024-11-26,96,260.84479166666665,1182.4,0.0,1182.4,0.22060621758006313,6260.275
2024-11-27,96,303.54270833333334,976.3,0.0,976.3,0.3109113062924648,7285.025
2024-11-28,96,264.06354166666665,1158.3,10.6,1147.7,0.2279750856139745,6337.525
2024-11-29,96,247.78854166666667,912.2,0.0,912.2,0.27163839253087774,5946.925
2024-11-30,96,254.80416666666667,833.4,0.0,833.4,0.30574054075673945,6115.3
2024-12-01,96,200.28333333333333,855.8,0.0,855.8,0.23403053672976554,4806.8
2024-12-02,96,243.54166666666666,812.2,0.0,812.2,0.29985430517934825,5845.0
2024-12-03,96,220.31145833333335,967.3,0.0,967.3,0.22775918363830597,5287.475
2024-12-04,96,224.65520833333335,944.3,0.0,944.3,0.23790660630449365,5391.725
2024-12-05,96,215.7072916666667,946.2,0.0,946.2,0.22797219580074687,5176.975
2024-12-06,96,254.93645833333335,1037.4,0.0,1037.4,0.24574557387057386,6118.475
2024-12-07,96,259.565625,845.9,0.0,845.9,0.30685143042912877,6229.575
2024-12-08,96,226.85625000000002,1035.1,0.0,1035.1,0.2191636073809294,5444.55
2024-12-09,96,246.31979166666667,944.0,0.0,944.0,0.2609319826977401,5911.675
2024-12-10,96,301.73645833333336,1079.0,0.0,1079.0,0.27964453969725056,7241.675
2024-12-11,96,308.6489583333333,1278.4,0.0,1278.4,0.24143379093658737,7407.575
2024-12-12,96,287.10833333333335,1094.5,0.0,1094.5,0.26231917161565405,6890.6
2024-12-13,96,294.659375,1088.2,0.0,1088.2,0.2707768562764198,7071.825
2024-12-14,96,295.29479166666664,1148.5,0.0,1148.5,0.257113445073284,7087.075
2024-12-15,96,302.04583333333335,1067.0,0.0,1067.0,0.28307950640424867,7249.1
2024-12-16,96,277.503125,1035.4,0.0,1035.4,0.26801538052926405,6660.075
2024-12-17,96,276.475,1035.4,0.0,1035.4,0.2670224067993046,6635.400000000001
2024-12-18,96,299.07604166666664,1081.6,0.0,1081.6,0.27651261248767256,7177.825
2024-12-19,96,326.596875,1091.7,0.0,1091.7,0.29916357515801045,7838.325
2024-12-20,96,282.878125,1076.9,0.0,1076.9,0.26267817346085987,6789.075
2024-12-21,96,305.3020833333333,1185.1,0.0,1185.1,0.25761714904508765,7327.25
2024-12-22,96,278.17604166666666,977.1,0.0,977.1,0.2846955702248149,6676.225
2024-12-23,96,308.74583333333334,1262.2,0.0,1262.2,0.24460928009295937,7409.9
2024-12-24,96,271.559375,1109.7,0.0,1109.7,0.24471422456519779,6517.425
2024-12-25,96,306.528125,1171.7,0.0,1171.7,0.26160973372023555,7356.675
2024-12-26,96,299.09270833333335,1144.7,0.0,1144.7,0.2612847980548033,7178.225
2024-12-27,96,301.140625,1180.6,0.0,1180.6,0.2550742207352194,7227.375
2024-12-28,96,327.1927083333333,1277.5,0.0,1277.5,0.2561195368558382,7852.625
2024-12-29,96,304.5552083333333,1279.8,0.0,1279.8,0.23797093946970882,7309.325
2024-12-30,96,293.996875,1310.7,0.0,1310.7,0.22430523765926602,7055.925
2024-12-31,96,277.08125,1043.8,0.0,1043.8,0.2654543494922399,6649.95
