slot,A9_mean_power_kW,A10_mean_power_kW
0,722.4291666666667,490.575
1,753.1854166666667,498.40000000000003
2,743.2010416666667,517.728125
3,669.2375000000001,522.4520833333333
4,666.7604166666666,505.18645833333335
5,667.146875,519.2375000000001
6,675.0645833333333,520.6531249999999
7,676.8791666666667,499.93125000000003
8,694.0739583333334,473.2739583333334
9,689.3239583333334,435.3770833333333
10,690.7895833333333,393.9479166666667
11,677.00625,361.63124999999997
12,661.1635416666667,333.63437500000003
13,666.8864583333333,305.51770833333336
14,668.8739583333333,298.21770833333335
15,676.5822916666667,265.56874999999997
16,682.0541666666667,243.56145833333335
17,695.4822916666667,217.53854166666667
18,691.7739583333333,200.02083333333334
19,715.7635416666667,190.27291666666667
20,705.6864583333332,189.196875
21,694.6739583333333,180.321875
22,683.5968750000001,154.67499999999998
23,696.1052083333334,115.153125
24,682.0854166666667,78.68020833333334
25,608.8229166666666,58.66770833333334
26,423.2760416666667,46.071875
27,422.7572916666666,36.12708333333333
28,467.23541666666665,32.713541666666664
29,475.3416666666667,32.375
30,406.371875,31.538541666666664
31,369.0625,21.238541666666666
32,380.7260416666666,16.569791666666667
33,394.71875,11.628124999999999
34,417.77187499999997,16.227083333333333
35,428.575,13.105208333333332
36,449.7322916666667,10.514583333333333
37,453.9708333333333,16.558333333333334
38,496.8354166666666,18.573958333333334
39,511.65625,16.787499999999998
40,514.2541666666667,13.844791666666666
41,481.71458333333334,17.448958333333334
42,473.2166666666667,19.560416666666665
43,481.2104166666666,22.941666666666666
44,498.2864583333333,70.64583333333333
45,519.0354166666667,88.08229166666666
46,542.5645833333333,104.5625
47,557.4770833333333,112.60729166666665
48,580.5656250000001,107.57916666666667
49,594.9802083333333,113.81354166666667
50,622.4645833333333,110.08958333333334
51,640.5104166666666,113.59791666666666
52,670.88125,115.21979166666667
53,677.165625,117.04479166666665
54,673.9895833333334,110.91979166666665
55,662.4625,105.40833333333335
56,684.3458333333333,109.234375
57,705.1166666666667,117.79583333333333
58,724.6354166666666,130.115625
59,725.6218749999999,137.31562499999998
60,718.7604166666666,155.03333333333333
61,718.7604166666666,160.21041666666667
62,719.4697916666668,168.93020833333333
63,714.4104166666666,172.24479166666666
64,710.8385416666666,162.915625
65,721.59375,169.04999999999998
66,724.5197916666666,154.25312499999998
67,719.0322916666668,136.60729166666667
68,701.5635416666668,123.77499999999999
69,696.0822916666666,107.54583333333333
70,693.821875,89.83229166666666
71,679.9375,67.575
72,635.6197916666666,45.645833333333336
73,553.4583333333334,41.58541666666667
74,390.3260416666667,36.251041666666666
75,406.8072916666667,28.86770833333333
76,476.5677083333333,22.883333333333336
77,480.67812499999997,30.914583333333336
78,424.19374999999997,30.541666666666668
79,405.54270833333334,33.31875
80,401.73020833333334,28.36145833333333
81,366.38645833333334,30.60625
82,374.30833333333334,28.692708333333332
83,396.5135416666667,28.333333333333332
84,426.69374999999997,63.046875
85,437.69687500000003,85.27187500000001
86,450.20625,97.39166666666667
87,467.8302083333333,127.23020833333334
88,473.6270833333333,355.95729166666666
89,494.07708333333335,421.9791666666667
90,487.90729166666665,453.82916666666665
91,509.39687499999997,422.72499999999997
92,524.4947916666666,395.82916666666665
93,554.3385416666666,376.246875
94,578.0197916666667,394.92604166666666
95,322.45729166666666,211.15312500000002
