station,date,cluster,night_energy_share_pct
A1,2024-01-01,2,43.598786213559976
A1,2024-01-02,2,49.077723818027394
A1,2024-01-03,2,47.96359542228825
A1,2024-01-04,2,48.07069991062348
A1,2024-01-05,2,47.044505800231526
A1,2024-01-06,2,51.03284103879226
A1,2024-01-07,2,47.31719630141356
A1,2024-01-08,2,43.66221036698317
A1,2024-01-09,2,46.21291334466082
A1,2024-01-10,2,43.08531632912611
A1,2024-01-11,2,45.468728249764276
A1,2024-01-12,2,50.38116632114755
A1,2024-01-13,2,53.52418945569711
A1,2024-01-14,2,44.35884302929418
A1,2024-01-15,2,44.0070007715904
A1,2024-01-16,2,41.80868185553831
A1,2024-01-17,2,47.54795782450113
A1,2024-01-18,2,44.76379758446719
A1,2024-01-19,2,45.49912492615263
A1,2024-01-20,2,49.166761712859106
A1,2024-01-21,2,42.20991321983458
A1,2024-01-22,2,39.51095248952103
A1,2024-01-23,2,39.993182804139884
A1,2024-01-24,2,43.007282485411736
A1,2024-01-25,2,45.447983122791854
A1,2024-01-26,2,47.407645716225424
A1,2024-01-27,2,48.95222278998468
A1,2024-01-28,2,48.83171594899535
A1,2024-01-29,2,42.35404566251365
A1,2024-01-30,2,46.21879612501532
A1,2024-01-31,2,44.25528606965174
A1,2024-02-01,2,40.83580804820315
A1,2024-02-02,2,47.092309553159886
A1,2024-02-03,2,47.35498462250168
A1,2024-02-04,2,41.52286377832945
A1,2024-02-05,2,43.9486084960859
A1,2024-02-06,2,40.82149761048166
A1,2024-02-07,2,43.75311290755144
A1,2024-02-08,2,39.03576717409023
A1,2024-02-09,2,41.96946838161964
A1,2024-02-10,2,41.505008241409925
A1,2024-02-11,2,42.90978044988451
A1,2024-02-12,2,42.11840045829796
A1,2024-02-13,2,39.74326705260509
A1,2024-02-14,2,42.03511008271793
A1,2024-02-15,2,45.29814823123713
A1,2024-02-16,2,46.771859082114084
A1,2024-02-17,2,47.395215997410745
A1,2024-02-18,2,40.89755969101124
A1,2024-02-19,2,39.30492580154799
A1,2024-02-20,2,40.71254984820184
A1,2024-02-21,2,34.33986749538966
A1,2024-02-22,2,37.44214069561681
A1,2024-02-23,2,34.0331805258634
A1,2024-02-24,2,36.22433278182522
A1,2024-02-25,2,45.62230203974033
A1,2024-02-26,2,41.02347206035314
A1,2024-02-27,2,44.17779979494769
A1,2024-02-28,2,42.541956835182134
A1,2024-02-29,2,41.355036228787974
A1,2024-03-01,2,42.686265785961176
A1,2024-03-02,2,43.64857894382736
A1,2024-03-03,2,41.6345563971275
A1,2024-03-04,2,37.260568611436554
A1,2024-03-05,2,43.837885121375244
A1,2024-03-06,2,42.307804295711094
A1,2024-03-07,2,40.677881084179795
A1,2024-03-08,2,43.02848968341523
A1,2024-03-09,2,45.00397859154558
A1,2024-03-10,2,43.53145066323019
A1,2024-03-11,2,33.62835540325356
A1,2024-03-12,2,36.22312060168389
A1,2024-03-13,2,44.62519089037909
A1,2024-03-14,2,40.105255243966596
A1,2024-03-15,2,42.85704209954649
A1,2024-03-16,2,43.52765321375183
A1,2024-03-17,2,38.66149616764068
A1,2024-03-18,2,37.26803789255127
A1,2024-03-19,2,37.491394539858305
A1,2024-03-20,2,39.89342836753966
A1,2024-03-21,2,42.88724973656481
A1,2024-03-22,2,43.741187984142506
A1,2024-03-23,2,39.32432639080036
A1,2024-03-24,2,38.49500862384364
A1,2024-03-25,2,41.27433211721784
A1,2024-03-26,2,39.47912019524557
A1,2024-03-27,2,41.91846343869421
A1,2024-03-28,2,39.26513507445933
A1,2024-03-29,2,42.74348595118745
A1,2024-03-30,2,43.03962332369181
A1,2024-03-31,2,42.280276308054106
A1,2024-04-01,2,38.05265051135744
A1,2024-04-02,2,38.69663105885895
A1,2024-04-03,2,40.53770049133714
A1,2024-04-04,2,46.18320463394964
A1,2024-04-05,2,40.07347428400059
A1,2024-04-06,2,40.75098375332256
A1,2024-04-07,2,37.32078534105954
A1,2024-04-08,2,36.377946584280956
A1,2024-04-09,2,40.04108572708438
A1,2024-04-10,2,40.020800416008306
A1,2024-04-11,2,37.41223671013041
A1,2024-04-12,2,49.651707528584495
A1,2024-04-13,2,46.90109479180924
A1,2024-04-14,2,37.93845592034465
A1,2024-04-15,2,37.07505189150527
A1,2024-04-16,2,38.503717942232804
A1,2024-04-17,2,43.99558145387163
A1,2024-04-18,2,44.60049707582752
A1,2024-04-19,2,41.09682891817826
A1,2024-04-20,2,47.290135858995
A1,2024-04-21,2,46.42033380472351
A1,2024-04-22,2,36.36363636363635
A1,2024-04-23,2,40.35031019243873
A1,2024-04-24,2,33.55064951329989
A1,2024-04-25,2,42.85112049673778
A1,2024-04-26,2,42.99820305157134
A1,2024-04-27,2,36.30616180059041
A1,2024-04-28,2,39.56193238799591
A1,2024-04-29,2,41.75258874919621
A1,2024-04-30,2,37.88918459614584
A1,2024-05-01,2,49.30365949615819
A1,2024-05-02,2,41.44682877781599
A1,2024-05-03,2,44.846728261026556
A1,2024-05-04,2,43.63050099678038
A1,2024-05-05,2,37.60748324466802
A1,2024-05-06,2,33.861207391405344
A1,2024-05-07,2,40.247655062469875
A1,2024-05-08,2,38.5412373535557
A1,2024-05-09,2,40.34688298663903
A1,2024-05-10,2,40.548986744532165
A1,2024-05-11,2,44.61708726482154
A1,2024-05-12,2,42.93129244333201
A1,2024-05-13,2,36.64799985238764
A1,2024-05-14,2,39.408883113483604
A1,2024-05-15,2,40.893637897201096
A1,2024-05-16,2,40.69689027848023
A1,2024-05-17,2,38.88249027237353
A1,2024-05-18,2,49.12329945611758
A1,2024-05-19,2,42.84425796351704
A1,2024-05-20,2,38.842651477446594
A1,2024-05-21,2,33.77599012534848
A1,2024-05-22,2,39.9304112387037
A1,2024-05-23,2,40.786875158510085
A1,2024-05-24,2,35.840735115897346
A1,2024-05-25,2,46.8901727614977
A1,2024-05-26,2,32.73552308056755
A1,2024-05-27,2,33.320129725447494
A1,2024-05-28,2,34.74255789834814
A1,2024-05-29,2,41.64813869591922
A1,2024-05-30,2,38.63650067619366
A1,2024-05-31,2,49.14250077954477
A1,2024-06-01,2,45.02744470146977
A1,2024-06-02,2,40.611506430283434
A1,2024-06-03,2,37.437035423530396
A1,2024-06-04,2,41.53201267751689
A1,2024-06-05,2,41.644824756769424
A1,2024-06-06,2,37.98039623339941
A1,2024-06-07,2,37.450653529724
A1,2024-06-08,2,43.81059740039796
A1,2024-06-09,2,35.832849616002854
A1,2024-06-10,2,39.483265574744976
A1,2024-06-11,2,35.990142203309425
A1,2024-06-12,2,34.4651673066374
A1,2024-06-13,2,37.895674266930335
A1,2024-06-14,2,35.4638522179816
A1,2024-06-15,2,37.88994718973971
A1,2024-06-16,2,35.38545492706475
A1,2024-06-17,2,35.02521607250533
A1,2024-06-18,2,31.432725290202413
A1,2024-06-19,2,38.54436532492463
A1,2024-06-20,2,36.82083734405826
A1,2024-06-21,2,39.81151877779342
A1,2024-06-22,2,38.002450787039216
A1,2024-06-23,2,31.422753881394755
A1,2024-06-24,2,34.494657906961315
A1,2024-06-25,2,37.80683606807641
A1,2024-06-26,2,39.653464819331006
A1,2024-06-27,2,42.76246238920062
A1,2024-06-28,2,39.957729028496466
A1,2024-06-29,2,41.381828061059885
A1,2024-06-30,2,36.244026782734664
A1,2024-07-01,2,37.89687522672603
A1,2024-07-02,2,35.361973120913284
A1,2024-07-03,2,38.485941086115105
A1,2024-07-04,2,51.56570892738045
A1,2024-07-05,2,41.8475814455466
A1,2024-07-06,2,38.31404216898044
A1,2024-07-07,2,37.577946136069954
A1,2024-07-08,2,39.261198513480096
A1,2024-07-09,2,45.710825620925114
A1,2024-07-10,2,45.01348693624302
A1,2024-07-11,2,46.98499988963552
A1,2024-07-12,2,50.40544843445958
A1,2024-07-13,2,54.586706543598204
A1,2024-07-14,2,47.40087230449258
A1,2024-07-15,2,39.870713941790534
A1,2024-07-16,2,50.07104051137912
A1,2024-07-17,2,47.61328203649186
A1,2024-07-18,2,50.09221835272321
A1,2024-07-19,2,48.365008789708554
A1,2024-07-20,2,46.53477284651458
A1,2024-07-21,2,47.80851203133582
A1,2024-07-22,2,35.10703758182383
A1,2024-07-23,2,40.72862661531778
A1,2024-07-24,2,44.76310437802759
A1,2024-07-25,2,44.353460395085605
A1,2024-07-26,2,50.503549725320916
A1,2024-07-27,2,47.49506347891294
A1,2024-07-28,2,43.52078586185757
A1,2024-07-29,2,43.04579631747378
A1,2024-07-30,2,41.93210582061241
A1,2024-07-31,2,43.20000819481813
A1,2024-08-01,2,48.19610236070325
A1,2024-08-02,2,38.03098249569516
A1,2024-08-03,2,49.20948009885336
A1,2024-08-04,2,41.34270081647864
A1,2024-08-05,2,32.78181016160725
A1,2024-08-06,2,34.29673609602651
A1,2024-08-07,2,34.86941927901894
A1,2024-08-08,2,39.167764984086745
A1,2024-08-09,2,35.98767669445453
A1,2024-08-10,2,43.40661566886001
A1,2024-08-11,2,36.673110614390126
A1,2024-08-12,2,36.57753556915361
A1,2024-08-13,2,36.02073608407028
A1,2024-08-14,2,40.24951730283678
A1,2024-08-15,2,35.137173206603414
A1,2024-08-16,2,40.295176145026325
A1,2024-08-17,2,42.02619155216679
A1,2024-08-18,2,32.528320458400344
A1,2024-08-19,2,34.86211651154773
A1,2024-08-20,2,37.927871692633026
A1,2024-08-21,2,42.491224533618485
A1,2024-08-22,2,42.471699010654504
A1,2024-08-23,2,42.262642616812954
A1,2024-08-24,2,41.91897595762582
A1,2024-08-25,2,42.97182522326782
A1,2024-08-26,2,35.56855212896819
A1,2024-08-27,2,39.672279896453254
A1,2024-08-28,2,42.30159922721907
A1,2024-08-29,2,50.55462016161781
A1,2024-08-30,2,40.43308379577778
A1,2024-08-31,2,47.348402356075304
A1,2024-09-01,2,34.716642507075306
A1,2024-09-02,2,40.71324859260767
A1,2024-09-03,2,39.046893130986774
A1,2024-09-04,2,42.694311862328696
A1,2024-09-05,2,38.57566484448275
A1,2024-09-06,2,36.21293571063705
A1,2024-09-07,2,44.61507462471756
A1,2024-09-08,2,40.73385294512488
A1,2024-09-09,2,41.282289669529945
A1,2024-09-10,2,46.3197366562362
A1,2024-09-11,2,41.32116502085489
A1,2024-09-12,2,40.79106223058205
A1,2024-09-13,2,40.02526794550546
A1,2024-09-14,2,42.52718619448299
A1,2024-09-15,2,44.71998166819433
A1,2024-09-16,2,52.54899760622382
A1,2024-09-17,2,38.457211541308205
A1,2024-09-18,2,41.56341527626947
A1,2024-09-19,2,44.03554549035053
A1,2024-09-20,2,42.74140358130789
A1,2024-09-21,2,37.959176952925624
A1,2024-09-22,2,33.84233337237904
A1,2024-09-23,2,40.914549411363694
A1,2024-09-24,2,46.95281928139453
A1,2024-09-25,2,43.85724090597115
A1,2024-09-26,2,43.56619853558996
A1,2024-09-27,2,39.076544911971986
A1,2024-09-28,2,46.47691357910935
A1,2024-09-29,2,41.603110176096145
A1,2024-09-30,2,43.1469777589035
A1,2024-10-01,2,49.00414864298655
A1,2024-10-02,2,52.320234113712374
A1,2024-10-03,2,47.56457179991784
A1,2024-10-04,2,45.886733902249794
A1,2024-10-05,2,37.28022015264277
A1,2024-10-06,2,42.57701642417781
A1,2024-10-07,2,39.18448323167514
A1,2024-10-08,2,41.047286405158545
A1,2024-10-09,2,46.315052937060514
A1,2024-10-10,2,47.99092432544392
A1,2024-10-11,2,52.38147234172654
A1,2024-10-12,2,55.406563375715045
A1,2024-10-13,2,54.39293765152339
A1,2024-10-14,2,48.08076911788752
A1,2024-10-15,2,46.681373118154745
A1,2024-10-16,2,48.05106705212802
A1,2024-10-17,2,55.28173201930845
A1,2024-10-18,2,54.617792707254054
A1,2024-10-19,2,54.452423768722355
A1,2024-10-20,2,53.35934551990008
A1,2024-10-21,2,52.29903339228835
A1,2024-10-22,2,54.70915698590425
A1,2024-10-23,2,47.44160508796414
A1,2024-10-24,2,56.67006678342537
A1,2024-10-25,2,53.6055300949741
A1,2024-10-26,2,54.828571061544864
A1,2024-10-27,2,49.46416594920874
A1,2024-10-28,2,49.647038811555575
A1,2024-10-29,2,55.993109919195625
A1,2024-10-30,2,52.76803931462675
A1,2024-10-31,2,55.09057971014491
A1,2024-11-01,2,54.07424359533481
A1,2024-11-02,2,53.28079614264223
A1,2024-11-03,2,53.64583333333336
A1,2024-11-04,2,55.116687866581884
A1,2024-11-05,2,54.05568251754873
A1,2024-11-06,2,51.30010397607745
A1,2024-11-07,2,49.923292953850016
A1,2024-11-08,2,55.18990139149253
A1,2024-11-09,2,53.33804309431296
A1,2024-11-10,2,55.70353927734618
A1,2024-11-11,2,51.21799652000993
A1,2024-11-12,2,51.32211538461539
A1,2024-11-13,2,50.935349665961425
A1,2024-11-14,2,52.16488865872605
A1,2024-11-15,2,54.44546215122064
A1,2024-11-16,2,54.9194915848036
A1,2024-11-17,2,53.625087794246504
A1,2024-11-18,2,48.297361711331355
A1,2024-11-19,2,49.985375990969025
A1,2024-11-20,2,52.96940079286959
A1,2024-11-21,2,52.78774046299319
A1,2024-11-22,2,55.861036455937295
A1,2024-11-23,2,57.11970061248245
A1,2024-11-24,2,52.927226000978614
A1,2024-11-25,2,52.75220882582846
A1,2024-11-26,2,56.39127098907518
A1,2024-11-27,2,57.17406195296445
A1,2024-11-28,2,54.63314850944141
A1,2024-11-29,2,51.327798290528534
A1,2024-11-30,2,55.393872012033626
A1,2024-12-01,2,51.91221760385931
A1,2024-12-02,2,49.85281116109164
A1,2024-12-03,2,58.42840354004941
A1,2024-12-04,2,52.88011702328603
A1,2024-12-05,2,58.323667517258485
A1,2024-12-06,2,54.68856733557907
A1,2024-12-07,2,64.76633341083466
A1,2024-12-08,2,53.57028600678226
A1,2024-12-09,2,55.207364893621424
A1,2024-12-10,2,59.879371544129064
A1,2024-12-11,2,60.366331807392335
A1,2024-12-12,1,78.46347748360964
A1,2024-12-13,2,60.57265274172947
A1,2024-12-14,2,65.75963253839686
A1,2024-12-15,2,60.03028622754879
A1,2024-12-16,2,55.31782092497263
A1,2024-12-17,2,58.226888345469206
A1,2024-12-18,2,61.38775393378222
A1,2024-12-19,2,50.34853189236792
A1,2024-12-20,2,56.69548492129138
A1,2024-12-21,2,57.00674321122653
A1,2024-12-22,2,56.45897752214941
A1,2024-12-23,2,46.36304770127347
A1,2024-12-24,2,51.26065567284059
A1,2024-12-25,2,52.877528866081114
A1,2024-12-26,2,49.589403417439854
A1,2024-12-27,2,52.13279728943843
A1,2024-12-28,2,55.23082812464815
A1,2024-12-29,2,49.636916446504195
A1,2024-12-30,2,51.6851333376424
A1,2024-12-31,2,51.86225497432543
A10,2024-09-27,2,81.55339805825243
A10,2024-09-28,2,79.91360691144709
A10,2024-09-29,2,11.630609690684782
A10,2024-09-30,2,38.51663795448363
A10,2024-10-01,2,45.620036652412935
A10,2024-10-02,2,53.54906054279751
A10,2024-10-03,2,44.03178122690318
A10,2024-10-04,2,20.499342969776613
A10,2024-10-05,2,46.94767441860465
A10,2024-10-06,2,12.92386436340371
A10,2024-10-07,2,26.006615718033533
A10,2024-10-08,2,5.9363636363636365
A10,2024-10-09,2,30.152323916156753
A10,2024-10-10,2,60.49551603587171
A10,2024-10-11,2,40.872555148700535
A10,2024-10-12,2,56.55352980618795
A10,2024-10-13,2,57.57952973720608
A10,2024-10-14,2,40.982028241335016
A10,2024-10-15,2,38.498373507364676
A10,2024-10-16,2,45.510743604524045
A10,2024-10-17,2,62.77373292696694
A10,2024-10-18,2,68.9880628064788
A10,2024-10-19,2,48.215732765089015
A10,2024-10-20,2,57.747315441486805
A10,2024-10-21,2,57.403850083786324
A10,2024-10-22,2,63.587338804220416
A10,2024-10-23,2,60.88774818906665
A10,2024-10-24,2,62.31503765235621
A10,2024-10-25,2,67.40543360261671
A10,2024-10-26,2,73.93783651492905
A10,2024-10-27,2,69.22772832767988
A10,2024-10-28,2,60.311919172663586
A10,2024-10-29,2,57.30617677186844
A10,2024-10-30,2,62.000844036405034
A10,2024-10-31,2,62.145553830189634
A10,2024-11-01,2,58.9261125427901
A10,2024-11-02,2,63.942882519728116
A10,2024-11-03,2,61.4257583571663
A10,2024-11-04,2,55.44434729224417
A10,2024-11-05,2,57.27999999999999
A10,2024-11-06,2,57.07542181416139
A10,2024-11-07,2,65.3269612451687
A10,2024-11-08,2,52.37750799352301
A10,2024-11-09,2,74.36688981818833
A10,2024-11-10,2,75.2705525860122
A10,2024-11-11,2,67.33465452647239
A10,2024-11-12,2,70.53424002780912
A10,2024-11-13,2,67.72805554205873
A10,2024-11-14,2,69.3867584818918
A10,2024-11-15,2,71.41024772015079
A10,2024-11-16,2,74.16924265842349
A10,2024-11-17,2,75.84289864398119
A10,2024-11-18,2,77.38646982311312
A10,2024-11-19,2,73.17292953690368
A10,2024-11-20,2,76.84826530562022
A10,2024-11-21,2,67.7888147585053
A10,2024-11-22,2,68.10303032998706
A10,2024-11-23,2,70.42994942839195
A10,2024-11-24,2,78.513220571708
A10,2024-11-25,2,78.85540837791886
A10,2024-11-26,2,72.27637763516776
A10,2024-11-27,2,68.42872879640088
A10,2024-11-28,2,74.70108599177122
A10,2024-11-29,2,73.4699025126431
A10,2024-11-30,2,71.10035484767715
A10,2024-12-01,2,77.37944162436553
A10,2024-12-02,2,70.93413173652695
A10,2024-12-03,2,71.0646386034922
A10,2024-12-04,2,76.79545970909125
A10,2024-12-05,2,72.03386147315761
A10,2024-12-06,2,71.62283085245916
A10,2024-12-07,2,74.30723604740291
A10,2024-12-08,2,71.845239735148
A10,2024-12-09,2,70.31678838907754
A10,2024-12-10,2,64.92178950311911
A10,2024-12-11,2,72.64793134055343
A10,2024-12-12,2,68.93122514730211
A10,2024-12-13,2,72.02879030518996
A10,2024-12-14,2,73.27352962964267
A10,2024-12-15,2,78.20798443944769
A10,2024-12-16,2,72.35804401602086
A10,2024-12-17,2,68.88921542032129
A10,2024-12-18,2,74.45326404586349
A10,2024-12-19,2,72.97605036790384
A10,2024-12-20,2,74.68322267761071
A10,2024-12-21,2,73.39144972534032
A10,2024-12-22,2,71.21314814884161
A10,2024-12-23,2,78.75713572382892
A10,2024-12-24,2,80.30817385700638
A10,2024-12-25,2,69.22658673925379
A10,2024-12-26,2,75.0617318348199
A10,2024-12-27,2,75.89097009633505
A10,2024-12-28,2,76.1044873529552
A10,2024-12-29,2,80.42158475645837
A10,2024-12-30,2,73.75680722229902
A10,2024-12-31,2,74.83138970969706
A2,2024-01-01,2,41.731288862844664
A2,2024-01-02,2,42.23251512198981
A2,2024-01-03,2,36.728725996685846
A2,2024-01-04,2,41.67080038853137
A2,2024-01-05,2,42.412277257833146
A2,2024-01-06,2,45.83099359648784
A2,2024-01-07,2,47.34407134588945
A2,2024-01-08,2,41.908797547967346
A2,2024-01-09,2,41.788628664991755
A2,2024-01-10,2,40.6168359000428
A2,2024-01-11,2,43.56646405861756
A2,2024-01-12,2,42.949245637533956
A2,2024-01-13,2,48.26253134479336
A2,2024-01-14,2,48.36264773527964
A2,2024-01-15,2,40.589517292210715
A2,2024-01-16,2,44.30385759643992
A2,2024-01-17,2,44.917614033220474
A2,2024-01-18,2,44.23737392442256
A2,2024-01-19,2,43.712477886049534
A2,2024-01-20,2,47.1303900186742
A2,2024-01-21,2,45.766200382659214
A2,2024-01-22,2,39.11273076735876
A2,2024-01-23,2,40.91943154583583
A2,2024-01-24,2,42.4301159909286
A2,2024-01-25,2,42.708444839182526
A2,2024-01-26,2,43.15151595735837
A2,2024-01-27,2,47.29997618426575
A2,2024-01-28,2,47.70415222543392
A2,2024-01-29,2,42.63834769945291
A2,2024-01-30,2,44.49518851451009
A2,2024-01-31,2,40.67407108184531
A2,2024-02-01,2,37.489996503632334
A2,2024-02-02,2,41.15102835584762
A2,2024-02-03,2,46.29952504857156
A2,2024-02-04,2,43.1159803213778
A2,2024-02-05,2,40.85050515384142
A2,2024-02-06,2,38.63816310372129
A2,2024-02-07,2,42.302243432208066
A2,2024-02-08,2,36.891347217546056
A2,2024-02-09,2,44.55483482497195
A2,2024-02-10,2,43.92772849952319
A2,2024-02-11,2,44.589317275026715
A2,2024-02-12,2,46.667584388109226
A2,2024-02-13,2,38.92606944338157
A2,2024-02-14,2,49.40961683588898
A2,2024-02-15,2,44.67869231709291
A2,2024-02-16,2,44.91373939713421
A2,2024-02-17,2,43.740101409439625
A2,2024-02-18,2,38.742303543033344
A2,2024-02-19,2,43.95216413171011
A2,2024-02-20,2,39.462200908132246
A2,2024-02-21,2,40.870919529539954
A2,2024-02-22,2,36.00129912309192
A2,2024-02-23,2,38.660913944685504
A2,2024-02-24,2,42.83180503163944
A2,2024-02-25,2,42.2140727646888
A2,2024-02-26,2,38.650497702208675
A2,2024-02-27,2,39.7126264621565
A2,2024-02-28,2,43.51362578724435
A2,2024-02-29,2,43.002011526610495
A2,2024-03-01,2,37.41815027678205
A2,2024-03-02,2,44.057465439120925
A2,2024-03-03,2,44.678411565146135
A2,2024-03-04,2,41.475268681864094
A2,2024-03-05,2,44.44981780708429
A2,2024-03-06,2,46.06796019302778
A2,2024-03-07,2,43.774673669758776
A2,2024-03-08,2,46.15985100489311
A2,2024-03-09,2,49.68955646094365
A2,2024-03-10,2,47.215620039293874
A2,2024-03-11,2,40.95073985560602
A2,2024-03-12,2,44.295302013422805
A2,2024-03-13,2,43.939780628622636
A2,2024-03-14,2,48.17179718878367
A2,2024-03-15,2,45.248934099247734
A2,2024-03-16,2,46.667685416290425
A2,2024-03-17,2,47.939679781556414
A2,2024-03-18,2,39.807956186627166
A2,2024-03-19,2,43.00690070728661
A2,2024-03-20,2,44.170850721613604
A2,2024-03-21,2,45.766661763343855
A2,2024-03-22,2,42.73230328605941
A2,2024-03-23,2,50.62112128301376
A2,2024-03-24,2,47.24043849760656
A2,2024-03-25,2,43.904612833280844
A2,2024-03-26,2,43.12739425623609
A2,2024-03-27,2,46.93483739644098
A2,2024-03-28,2,48.30340657689385
A2,2024-03-29,2,43.37888095538261
A2,2024-03-30,2,51.717819731687506
A2,2024-03-31,2,49.17370917144255
A2,2024-04-01,2,39.086743025032035
A2,2024-04-02,2,45.96285473635561
A2,2024-04-03,2,40.573445341275054
A2,2024-04-04,2,52.44369172635569
A2,2024-04-05,2,48.1120881705849
A2,2024-04-06,2,47.50479950877901
A2,2024-04-07,2,43.014637373622115
A2,2024-04-08,2,44.14378007461448
A2,2024-04-09,2,44.600321712077054
A2,2024-04-10,2,44.29608748911552
A2,2024-04-11,2,46.04407216895368
A2,2024-04-12,2,46.86775442883852
A2,2024-04-13,2,47.56499820160188
A2,2024-04-14,2,50.84306640898525
A2,2024-04-15,2,43.42695034622229
A2,2024-04-16,2,45.67636885203316
A2,2024-04-17,2,48.90769121044028
A2,2024-04-18,2,41.59678874934196
A2,2024-04-19,2,48.61184394087147
A2,2024-04-20,2,48.584355141093646
A2,2024-04-21,2,50.12767371628842
A2,2024-04-22,2,44.181153421633546
A2,2024-04-23,2,47.164360883388895
A2,2024-04-24,2,46.64446781166025
A2,2024-04-25,2,50.023349766972444
A2,2024-04-26,2,44.933767024325206
A2,2024-04-27,2,50.363171435742984
A2,2024-04-28,2,43.93452278296069
A2,2024-04-29,2,47.91258700731441
A2,2024-04-30,2,45.85688121769324
A2,2024-05-01,2,48.972561437579046
A2,2024-05-02,2,52.5244798602933
A2,2024-05-03,2,51.72273209773326
A2,2024-05-04,2,49.89433080388302
A2,2024-05-05,2,48.91857783923663
A2,2024-05-06,2,45.03548097351441
A2,2024-05-07,2,48.30589227693076
A2,2024-05-08,2,44.71237341824583
A2,2024-05-09,2,47.19032144765077
A2,2024-05-10,2,45.72300831411184
A2,2024-05-11,2,51.777015305138974
A2,2024-05-12,2,51.435640197245405
A2,2024-05-13,2,46.4730779643058
A2,2024-05-14,2,45.32274735426747
A2,2024-05-15,2,50.04463396228783
A2,2024-05-16,2,50.72887292795387
A2,2024-05-17,2,45.70217814807205
A2,2024-05-18,2,49.2264209729826
A2,2024-05-19,2,53.67691327124471
A2,2024-05-20,2,44.42223066451387
A2,2024-05-21,2,43.98765929913072
A2,2024-05-22,2,46.39453044034643
A2,2024-05-23,2,48.45828366820687
A2,2024-05-24,2,50.24625769795566
A2,2024-05-25,2,52.34872325892563
A2,2024-05-26,2,49.35055730349542
A2,2024-05-27,2,46.90590610960664
A2,2024-05-28,2,45.65240769227173
A2,2024-05-29,2,47.2605761000955
A2,2024-05-30,2,49.755548079449824
A2,2024-05-31,2,47.65026453165123
A2,2024-06-01,2,46.65292792101755
A2,2024-06-02,2,47.56188261606597
A2,2024-06-03,2,44.770448356270265
A2,2024-06-04,2,46.30119900690695
A2,2024-06-05,2,47.35339698963505
A2,2024-06-06,2,45.239484548811085
A2,2024-06-07,2,46.61231612427781
A2,2024-06-08,2,47.48387572717308
A2,2024-06-09,2,46.586318997764344
A2,2024-06-10,2,54.99634571334349
A2,2024-06-11,2,48.59502075137846
A2,2024-06-12,2,45.59651175749472
A2,2024-06-13,2,49.68746399828836
A2,2024-06-14,2,48.33752187258432
A2,2024-06-15,2,49.81333572924542
A2,2024-06-16,2,50.37361339575689
A2,2024-06-17,2,49.04464292715823
A2,2024-06-18,2,46.68414372487988
A2,2024-06-19,2,48.13664299893111
A2,2024-06-20,2,47.10813867251717
A2,2024-06-21,2,48.21270296337865
A2,2024-06-22,2,51.7079440891155
A2,2024-06-23,2,55.060389830535705
A2,2024-06-24,2,49.23394000032953
A2,2024-06-25,2,50.28981648539011
A2,2024-06-26,2,50.61088222758914
A2,2024-06-27,2,51.872998059432774
A2,2024-06-28,2,46.40255591054314
A2,2024-06-29,2,51.09363602287592
A2,2024-06-30,2,57.34245065363397
A2,2024-07-01,2,47.250120114647345
A2,2024-07-02,2,46.38337405451274
A2,2024-07-03,2,50.199079404999935
A2,2024-07-04,2,49.87912677048514
A2,2024-07-05,2,46.551896152268604
A2,2024-07-06,2,54.30985648336835
A2,2024-07-07,2,53.00434867268121
A2,2024-07-08,2,49.3940839079719
A2,2024-07-09,2,51.68583834632449
A2,2024-07-10,2,54.13719857204939
A2,2024-07-11,2,52.67887584993909
A2,2024-07-12,2,52.399089427927535
A2,2024-07-13,2,55.69611349222969
A2,2024-07-14,2,58.44504322083315
A2,2024-07-15,2,52.229197580184895
A2,2024-07-16,2,51.4163109213803
A2,2024-07-17,2,53.90674528135043
A2,2024-07-18,2,51.45242079413295
A2,2024-07-19,2,49.48946699078014
A2,2024-07-20,2,57.88784409572094
A2,2024-07-21,2,58.10896223903763
A2,2024-07-22,2,52.55331852102111
A2,2024-07-23,2,54.320334833595915
A2,2024-07-24,2,52.34393383030981
A2,2024-07-25,2,54.07261742292309
A2,2024-07-26,2,57.68371240652159
A2,2024-07-27,2,56.59176863824572
A2,2024-07-28,2,57.13607737192496
A2,2024-07-29,2,51.213375738206246
A2,2024-07-30,2,51.112276947502835
A2,2024-07-31,2,51.27649851267091
A2,2024-08-01,2,49.41567949552623
A2,2024-08-02,2,51.90110576393225
A2,2024-08-03,2,59.08866520112613
A2,2024-08-04,2,56.126948874550855
A2,2024-08-05,2,51.966441521872596
A2,2024-08-06,2,51.93973307515358
A2,2024-08-07,2,54.273151056303114
A2,2024-08-08,2,51.963480029133855
A2,2024-08-09,2,51.5750965983907
A2,2024-08-10,2,56.879176462827694
A2,2024-08-11,2,60.964481372519685
A2,2024-08-12,2,56.739133481038365
A2,2024-08-13,2,51.15911694430226
A2,2024-08-14,2,52.13239046438728
A2,2024-08-15,2,56.1379346152322
A2,2024-08-16,2,51.82800735041949
A2,2024-08-17,2,59.065347537086765
A2,2024-08-18,2,58.35675097015921
A2,2024-08-19,2,50.93265457695411
A2,2024-08-20,2,55.81091015185882
A2,2024-08-21,2,57.56456643059762
A2,2024-08-22,2,54.01141946620637
A2,2024-08-23,2,56.23477242499497
A2,2024-08-24,2,59.37416909029607
A2,2024-08-25,2,59.407313269019724
A2,2024-08-26,2,56.35019607721181
A2,2024-08-27,2,57.62837536222016
A2,2024-08-28,2,56.31868972683694
A2,2024-08-29,2,53.69800897944123
A2,2024-08-30,2,54.5830796626108
A2,2024-08-31,2,58.760179888551036
A2,2024-09-01,2,58.273251896947485
A2,2024-09-02,2,54.73621288321575
A2,2024-09-03,2,52.031869950042584
A2,2024-09-04,2,52.27813591619057
A2,2024-09-05,2,55.0016662276751
A2,2024-09-06,2,53.32170333768696
A2,2024-09-07,2,56.896372914753904
A2,2024-09-08,2,57.85217430179438
A2,2024-09-09,2,53.8354626177902
A2,2024-09-10,2,52.188958121085726
A2,2024-09-11,2,49.46203706391239
A2,2024-09-12,2,52.63875452096387
A2,2024-09-13,2,54.13706662015066
A2,2024-09-14,2,49.65831164355072
A2,2024-09-15,2,55.35492084614181
A2,2024-09-16,2,61.66471059940628
A2,2024-09-17,2,48.47562428298629
A2,2024-09-18,2,49.76208881627105
A2,2024-09-19,2,51.97839079320712
A2,2024-09-20,2,54.109462273192975
A2,2024-09-21,2,54.54349883830996
A2,2024-09-22,2,57.49054564154945
A2,2024-09-23,2,54.86734413809916
A2,2024-09-24,2,55.53283468226341
A2,2024-09-25,2,55.622881667982526
A2,2024-09-26,2,53.33760876622091
A2,2024-09-27,2,55.20581571890065
A2,2024-09-28,2,57.21579577183883
A2,2024-09-29,2,55.07426500011772
A2,2024-09-30,2,52.506206399081655
A2,2024-10-01,2,57.64703299035848
A2,2024-10-02,2,61.30081840300817
A2,2024-10-03,2,57.75076782330262
A2,2024-10-04,2,55.9547506088057
A2,2024-10-05,2,59.36542166682058
A2,2024-10-06,2,58.85131325824901
A2,2024-10-07,2,57.149713749024535
A2,2024-10-08,2,52.11818848101314
A2,2024-10-09,2,54.540723842880645
A2,2024-10-10,2,57.85673976210348
A2,2024-10-11,2,53.669705011489796
A2,2024-10-12,2,51.99453808043949
A2,2024-10-13,2,62.6723596961814
A2,2024-10-14,2,53.80341215855465
A2,2024-10-15,2,54.28128227788157
A2,2024-10-16,2,54.85808196169426
A2,2024-10-17,2,55.95774941029554
A2,2024-10-18,2,54.9643727399956
A2,2024-10-19,2,58.82843566914243
A2,2024-10-20,2,62.7057952402439
A2,2024-10-21,2,52.130727516157926
A2,2024-10-22,2,54.661062285059245
A2,2024-10-23,2,54.68538294692843
A2,2024-10-24,2,53.59810149926142
A2,2024-10-25,2,54.07082857478306
A2,2024-10-26,2,61.62677990775386
A2,2024-10-27,2,57.91987559241705
A2,2024-10-28,2,53.75488719573265
A2,2024-10-29,2,52.50652455670094
A2,2024-10-30,2,56.461986065385496
A2,2024-10-31,2,54.326660791472584
A2,2024-11-01,2,52.62423123388308
A2,2024-11-02,2,58.4913632800155
A2,2024-11-03,2,58.430285704788346
A2,2024-11-04,2,53.730219404383526
A2,2024-11-05,2,55.43458101747463
A2,2024-11-06,2,55.03533762598393
A2,2024-11-07,2,56.10687838291876
A2,2024-11-08,2,56.1463079799042
A2,2024-11-09,2,59.25933086508064
A2,2024-11-10,2,58.679193712181664
A2,2024-11-11,2,55.8125630075677
A2,2024-11-12,2,55.15614553760313
A2,2024-11-13,2,48.13146971035327
A2,2024-11-14,2,58.384192919092136
A2,2024-11-15,2,52.02917822409031
A2,2024-11-16,2,58.222509204814
A2,2024-11-17,2,55.004178977974995
A2,2024-11-18,2,49.75429698082538
A2,2024-11-19,2,54.07619073467007
A2,2024-11-20,2,51.02925203120867
A2,2024-11-21,2,52.81800145659105
A2,2024-11-22,2,55.26699984123587
A2,2024-11-23,2,59.26180198251445
A2,2024-11-24,2,59.31953658939755
A2,2024-11-25,2,53.34582479991864
A2,2024-11-26,2,56.21287947423673
A2,2024-11-27,2,53.35159989609238
A2,2024-11-28,2,53.79581509078331
A2,2024-11-29,2,52.17423638410732
A2,2024-11-30,2,59.877306060121796
A2,2024-12-01,2,54.59904054844108
A2,2024-12-02,2,52.96179467084641
A2,2024-12-03,2,56.611214873842286
A2,2024-12-04,2,51.60967239297953
A2,2024-12-05,2,53.759063600580056
A2,2024-12-06,2,54.414460017020176
A2,2024-12-07,2,60.606343625242665
A2,2024-12-08,2,58.447909670777
A2,2024-12-09,2,51.158579491494535
A2,2024-12-10,2,49.78138953630481
A2,2024-12-11,2,57.18107515318821
A2,2024-12-12,2,53.394576819688396
A2,2024-12-13,2,53.143057566400586
A2,2024-12-14,2,58.49782316654776
A2,2024-12-15,2,60.29969840585956
A2,2024-12-16,2,49.36736677513418
A2,2024-12-17,2,51.69575602314465
A2,2024-12-18,2,49.0283979653755
A2,2024-12-19,2,57.36590736356158
A2,2024-12-20,2,53.375443183904004
A2,2024-12-21,2,59.75746438041804
A2,2024-12-22,2,60.9170160131542
A2,2024-12-23,2,52.96021882771327
A2,2024-12-24,2,51.362543568035136
A2,2024-12-25,2,56.29306516084006
A2,2024-12-26,2,53.56539616049104
A2,2024-12-27,2,53.33663068835942
A2,2024-12-28,2,59.90297809603366
A2,2024-12-29,2,59.47048645432653
A2,2024-12-30,2,51.59998647472638
A2,2024-12-31,2,46.1015778860564
A3,2024-01-01,2,91.21704222161898
A3,2024-01-02,2,83.61205772224328
A3,2024-01-03,2,81.99987673665024
A3,2024-01-04,2,83.71360551600564
A3,2024-01-05,2,88.96593056792611
A3,2024-01-06,1,94.86620906760137
A3,2024-01-07,1,92.66498330311849
A3,2024-01-08,2,80.01723991578504
A3,2024-01-09,2,90.81360657659883
A3,2024-01-10,2,82.08781608870616
A3,2024-01-11,2,80.17233380888497
A3,2024-01-12,2,87.57624596914158
A3,2024-01-13,1,94.35688214845217
A3,2024-01-14,1,95.207430963103
A3,2024-01-15,2,80.28069281176263
A3,2024-01-16,2,84.31040473972273
A3,2024-01-17,1,92.77199917068086
A3,2024-01-18,1,92.62130167862061
A3,2024-01-19,2,84.28225297358178
A3,2024-01-20,2,89.35148328623798
A3,2024-01-21,2,90.97130719849899
A3,2024-01-22,2,65.59106411089074
A3,2024-01-23,2,65.68715254939768
A3,2024-01-24,2,64.49421846319767
A3,2024-01-25,2,70.75574784544872
A3,2024-01-26,2,75.65968735326481
A3,2024-01-27,2,90.64465735763517
A3,2024-01-28,2,85.70030439927652
A3,2024-01-29,2,81.79891440742442
A3,2024-01-30,2,82.91061303020655
A3,2024-01-31,2,90.43037664449805
A3,2024-02-01,2,87.10224084396393
A3,2024-02-02,2,84.54615462401893
A3,2024-02-03,2,87.4871277794671
A3,2024-02-04,2,82.4071367592747
A3,2024-02-05,2,73.66836438528276
A3,2024-02-06,2,73.01024658234319
A3,2024-02-07,2,75.8886108829765
A3,2024-02-08,2,77.79411697126497
A3,2024-02-09,2,77.36721418764805
A3,2024-02-10,1,92.57545440044723
A3,2024-02-11,1,93.09514710304732
A3,2024-02-12,1,92.81278097572367
A3,2024-02-13,1,95.64364967178517
A3,2024-02-14,1,96.05132545479245
A3,2024-02-15,1,94.44011740758178
A3,2024-02-16,1,94.41513359151156
A3,2024-02-17,1,94.59327075630803
A3,2024-02-18,1,92.65910770730785
A3,2024-02-19,1,92.13500482773647
A3,2024-02-20,2,82.43772095599117
A3,2024-02-21,2,83.04571831064754
A3,2024-02-22,2,67.22507616830931
A3,2024-02-23,2,72.8030811041475
A3,2024-02-24,1,88.24631456260387
A3,2024-02-25,2,83.8232074724267
A3,2024-02-26,1,86.92360824938807
A3,2024-02-27,1,88.97981140987739
A3,2024-02-28,1,86.86502466421355
A3,2024-02-29,1,87.5759585743236
A3,2024-03-01,2,88.8142144654654
A3,2024-03-02,1,95.0188876619981
A3,2024-03-03,1,95.66106076050146
A3,2024-03-04,1,92.10378367255446
A3,2024-03-05,1,93.5067049899291
A3,2024-03-06,1,92.83666745656211
A3,2024-03-07,1,94.35554059316237
A3,2024-03-08,1,92.37613040149874
A3,2024-03-09,1,98.5050481094999
A3,2024-03-10,1,96.7465596680194
A3,2024-03-11,1,93.27713214899941
A3,2024-03-12,1,93.64601822687388
A3,2024-03-13,1,91.36787664705697
A3,2024-03-14,1,92.9636163138292
A3,2024-03-15,1,93.82291244032768
A3,2024-03-16,1,94.84570698226908
A3,2024-03-17,1,97.07343292012183
A3,2024-03-18,1,90.68586341166056
A3,2024-03-19,1,93.81539329454283
A3,2024-03-20,1,90.30657363006264
A3,2024-03-21,1,93.04854752883934
A3,2024-03-22,1,92.20913930866023
A3,2024-03-23,1,97.93992819451671
A3,2024-03-24,1,97.73671542820675
A3,2024-03-25,1,91.28512918827066
A3,2024-03-26,1,90.2515396652154
A3,2024-03-27,1,94.34461113641544
A3,2024-03-28,1,93.86770642602893
A3,2024-03-29,1,93.51661893026042
A3,2024-03-30,1,97.30586992888051
A3,2024-03-31,1,96.55179113434909
A3,2024-04-01,1,93.48835308541074
A3,2024-04-02,1,96.97890547812015
A3,2024-04-03,1,91.359227182363
A3,2024-04-04,1,97.0305818629395
A3,2024-04-05,1,95.36244154522406
A3,2024-04-06,1,96.3210978267595
A3,2024-04-07,1,94.54655586893568
A3,2024-04-08,1,92.63365001234041
A3,2024-04-09,1,91.98091014078852
A3,2024-04-10,1,91.2343353478272
A3,2024-04-11,1,93.71208434410795
A3,2024-04-12,1,91.30653932882346
A3,2024-04-13,1,97.80159992002318
A3,2024-04-14,1,96.89706307951516
A3,2024-04-15,1,91.82955245935321
A3,2024-04-16,1,91.20760342199105
A3,2024-04-17,1,92.60308328927451
A3,2024-04-18,1,92.42236111014769
A3,2024-04-19,1,91.6948461784176
A3,2024-04-20,1,98.25220722840116
A3,2024-04-21,1,95.29700410997856
A3,2024-04-22,1,91.54015799729798
A3,2024-04-23,1,92.07549181841893
A3,2024-04-24,1,92.4136317755494
A3,2024-04-25,1,91.2197609221469
A3,2024-04-26,1,93.23812294006717
A3,2024-04-27,1,96.57133803057015
A3,2024-04-28,1,93.10928031651319
A3,2024-04-29,1,93.49505477992405
A3,2024-04-30,1,92.48148596158752
A3,2024-05-01,1,98.18195959799894
A3,2024-05-02,1,95.99165676655856
A3,2024-05-03,1,96.57124537367706
A3,2024-05-04,1,97.11646456480734
A3,2024-05-05,1,96.86689778338061
A3,2024-05-06,1,92.26687256662905
A3,2024-05-07,1,93.77435087524002
A3,2024-05-08,1,92.52815748813892
A3,2024-05-09,1,94.49527235232165
A3,2024-05-10,1,90.66621449131128
A3,2024-05-11,1,97.95967253307784
A3,2024-05-12,1,96.77529867912311
A3,2024-05-13,1,91.48512981904017
A3,2024-05-14,1,93.1978798586572
A3,2024-05-15,1,92.50208741063147
A3,2024-05-16,1,93.05253325669243
A3,2024-05-17,1,93.13811225351428
A3,2024-05-18,1,96.52280895954334
A3,2024-05-19,1,95.88483778262528
A3,2024-05-20,1,91.42490099565505
A3,2024-05-21,1,92.24015309382455
A3,2024-05-22,1,93.69372815635269
A3,2024-05-23,1,93.0207155746128
A3,2024-05-24,1,93.55535520677152
A3,2024-05-25,1,96.4595902005797
A3,2024-05-26,1,95.21514215490899
A3,2024-05-27,1,91.6628782437491
A3,2024-05-28,1,93.3034105147526
A3,2024-05-29,1,93.53575813211826
A3,2024-05-30,1,92.79225852918003
A3,2024-05-31,1,92.89714823198003
A3,2024-06-01,1,98.40552122268849
A3,2024-06-02,1,95.69878979125465
A3,2024-06-03,1,92.79544742293257
A3,2024-06-04,1,92.2195939876639
A3,2024-06-05,1,92.61208570709648
A3,2024-06-06,1,93.62979831060105
A3,2024-06-07,1,98.11391062573446
A3,2024-06-08,1,97.75444591291006
A3,2024-06-09,1,97.95420120414985
A3,2024-06-10,1,98.90055959424528
A3,2024-06-11,1,94.31075735726547
A3,2024-06-12,1,93.92502203709147
A3,2024-06-13,1,94.02647534132954
A3,2024-06-14,1,94.30031034248728
A3,2024-06-15,1,97.95736657413717
A3,2024-06-16,1,99.12650944814612
A3,2024-06-17,1,94.81785089352852
A3,2024-06-18,1,93.66489412651676
A3,2024-06-19,1,95.40215712687224
A3,2024-06-20,1,94.7793859030714
A3,2024-06-21,1,95.81400824369456
A3,2024-06-22,1,98.46374891217621
A3,2024-06-23,1,98.74397392304203
A3,2024-06-24,1,93.18359552950474
A3,2024-06-25,1,96.14972816528537
A3,2024-06-26,1,94.75358399917788
A3,2024-06-27,1,94.6590967920068
A3,2024-06-28,1,93.86389438464465
A3,2024-06-29,1,96.9228867244229
A3,2024-06-30,1,98.32166731080291
A3,2024-07-01,1,96.93997948523352
A3,2024-07-02,1,93.37592985565375
A3,2024-07-03,1,92.21019725105765
A3,2024-07-04,1,91.03224632089618
A3,2024-07-05,1,92.1038964963071
A3,2024-07-06,1,92.41631537564298
A3,2024-07-07,1,93.65644889896846
A3,2024-07-08,1,85.07717565455903
A3,2024-07-09,1,92.55943058535208
A3,2024-07-10,1,84.85010975752805
A3,2024-07-11,1,91.16203546935493
A3,2024-07-12,1,90.78207033075067
A3,2024-07-13,1,95.68074580615041
A3,2024-07-14,1,91.8949996455884
A3,2024-07-15,1,89.19188881770755
A3,2024-07-16,1,90.36006345830543
A3,2024-07-17,1,91.20163530378309
A3,2024-07-18,1,90.59887033022048
A3,2024-07-19,1,92.63111042460997
A3,2024-07-20,1,91.20986576801548
A3,2024-07-21,1,93.15135147719599
A3,2024-07-22,1,90.79463866541803
A3,2024-07-23,1,90.21515904795086
A3,2024-07-24,1,89.89421983393045
A3,2024-07-25,1,90.96925547873731
A3,2024-07-26,1,90.1846858794561
A3,2024-07-27,1,88.94270582960003
A3,2024-07-28,1,88.57664269004148
A3,2024-07-29,1,86.47419937779215
A3,2024-07-30,1,88.08492507341712
A3,2024-07-31,1,87.56451591873837
A3,2024-08-01,1,89.80066083998899
A3,2024-08-02,1,88.18414886285322
A3,2024-08-03,1,90.93229810916408
A3,2024-08-04,1,89.98740974718073
A3,2024-08-05,1,90.09211983810236
A3,2024-08-06,1,90.81355858102698
A3,2024-08-07,1,90.24288564423753
A3,2024-08-08,1,94.2697946605518
A3,2024-08-09,1,94.23477126401424
A3,2024-08-10,1,95.69564370577162
A3,2024-08-11,1,94.53212615925072
A3,2024-08-12,1,92.25227874154662
A3,2024-08-13,1,93.56830271289913
A3,2024-08-14,1,89.427032381389
A3,2024-08-15,1,91.89598675865118
A3,2024-08-16,1,91.0113950867171
A3,2024-08-17,1,92.36036043644222
A3,2024-08-18,1,91.09023582320692
A3,2024-08-19,1,86.25087694682195
A3,2024-08-20,1,86.53396171055525
A3,2024-08-21,1,89.14493979157182
A3,2024-08-22,1,87.32946540778003
A3,2024-08-23,1,87.99581647579025
A3,2024-08-24,1,91.46808816613353
A3,2024-08-25,1,92.0531559237241
A3,2024-08-26,1,85.49361129635264
A3,2024-08-27,1,92.66700887291928
A3,2024-08-28,1,86.46433990895295
A3,2024-08-29,1,87.62708720894294
A3,2024-08-30,1,88.5241669492309
A3,2024-08-31,1,94.28000979375388
A3,2024-09-01,1,90.82446402439163
A3,2024-09-02,1,86.12169377193337
A3,2024-09-03,1,92.6086640176886
A3,2024-09-04,1,91.79127381653896
A3,2024-09-05,1,89.62460225854755
A3,2024-09-06,1,91.06437885433752
A3,2024-09-07,1,95.83011923853799
A3,2024-09-08,1,93.40075898530948
A3,2024-09-09,1,87.78784903867272
A3,2024-09-10,1,92.70268632323074
A3,2024-09-11,1,90.73492386521772
A3,2024-09-12,1,89.21163645133177
A3,2024-09-13,1,89.75330019396736
A3,2024-09-14,1,92.40971511212433
A3,2024-09-15,1,93.6986893815461
A3,2024-09-16,1,78.24563250167948
A3,2024-09-17,1,88.09166831484187
A3,2024-09-18,1,85.88391738696359
A3,2024-09-19,1,91.06823280785498
A3,2024-09-20,1,89.48832245227507
A3,2024-09-21,1,92.86739840744949
A3,2024-09-22,1,92.0281236433322
A3,2024-09-23,1,86.85829808766385
A3,2024-09-24,1,93.8286865558713
A3,2024-09-25,1,91.61289476731864
A3,2024-09-26,1,88.23510946858244
A3,2024-09-27,1,90.94675172663145
A3,2024-09-28,1,91.60607549332674
A3,2024-09-29,1,84.67755576310698
A3,2024-09-30,1,90.56420569385621
A3,2024-10-01,1,96.06007551903002
A3,2024-10-02,1,93.04168305732937
A3,2024-10-03,1,92.99026528161153
A3,2024-10-04,1,93.74550581201132
A3,2024-10-05,1,93.05416908996739
A3,2024-10-06,1,91.04498356266181
A3,2024-10-07,1,91.1155301142236
A3,2024-10-08,1,86.07969989513849
A3,2024-10-09,1,91.68815762887516
A3,2024-10-10,1,89.93071915955534
A3,2024-10-11,1,87.5703553317454
A3,2024-10-12,1,87.97832044953057
A3,2024-10-13,1,88.66500380450924
A3,2024-10-14,1,85.71304088034655
A3,2024-10-15,1,89.46083618166928
A3,2024-10-16,1,91.20009936874233
A3,2024-10-17,1,86.1726627852369
A3,2024-10-18,1,84.67129978200967
A3,2024-10-19,1,92.40672292887399
A3,2024-10-20,1,87.13387205623721
A3,2024-10-21,1,87.03265362954139
A3,2024-10-22,1,88.65695072021043
A3,2024-10-23,1,86.50776734589988
A3,2024-10-24,1,85.18095117791957
A3,2024-10-25,1,88.63001497068589
A3,2024-10-26,1,91.17611151563776
A3,2024-10-27,1,90.58195095461944
A3,2024-10-28,1,86.53211726188542
A3,2024-10-29,1,88.21901078770608
A3,2024-10-30,1,89.44553703124302
A3,2024-10-31,1,90.60360107419265
A3,2024-11-01,1,88.9379758592674
A3,2024-11-02,1,90.9175362190758
A3,2024-11-03,1,87.22147473948027
A3,2024-11-04,1,88.92360655406705
A3,2024-11-05,1,89.94383164623389
A3,2024-11-06,1,91.83730398417588
A3,2024-11-07,1,90.22784321297549
A3,2024-11-08,1,87.44073612640695
A3,2024-11-09,1,90.39335347295906
A3,2024-11-10,1,90.40542275917115
A3,2024-11-11,1,84.09193169035687
A3,2024-11-12,1,89.02201421390193
A3,2024-11-13,1,92.89270904570539
A3,2024-11-14,1,89.84123089109592
A3,2024-11-15,1,87.05887602631442
A3,2024-11-16,1,86.6733451625646
A3,2024-11-17,1,90.76062372935272
A3,2024-11-18,1,89.06875244725857
A3,2024-11-19,1,89.05235488706478
A3,2024-11-20,1,91.6276494909382
A3,2024-11-21,1,90.45851457332226
A3,2024-11-22,1,88.87216056912301
A3,2024-11-23,1,91.7785612641506
A3,2024-11-24,1,88.83359298367084
A3,2024-11-25,1,90.83467173833512
A3,2024-11-26,1,88.64913506939321
A3,2024-11-27,1,91.541833111407
A3,2024-11-28,1,91.42237268239509
A3,2024-11-29,1,88.98754518396461
A3,2024-11-30,1,90.76251231076515
A3,2024-12-01,1,88.02365360674487
A3,2024-12-02,1,90.14019078457163
A3,2024-12-03,1,91.70431288765502
A3,2024-12-04,1,90.8112092885153
A3,2024-12-05,1,90.15394914368242
A3,2024-12-06,1,92.94845116855987
A3,2024-12-07,1,91.33399760117828
A3,2024-12-08,1,88.51286507646911
A3,2024-12-09,1,87.02788286331096
A3,2024-12-10,1,89.91850880479576
A3,2024-12-11,1,86.51916231960027
A3,2024-12-12,1,89.19218867099116
A3,2024-12-13,1,89.04994844940252
A3,2024-12-14,1,88.73789732573705
A3,2024-12-15,1,85.42657864217715
A3,2024-12-16,1,84.18099079943566
A3,2024-12-17,1,87.83981965599604
A3,2024-12-18,1,86.8551093721013
A3,2024-12-19,1,88.45749730331696
A3,2024-12-20,1,86.95913625802922
A3,2024-12-21,1,88.00586359833959
A3,2024-12-22,1,84.7766543806851
A3,2024-12-23,1,85.09900134908362
A3,2024-12-24,1,88.54551079486438
A3,2024-12-25,1,86.91765714763285
A3,2024-12-26,1,85.56536097605724
A3,2024-12-27,1,89.95742764512475
A3,2024-12-28,1,86.72598307397736
A3,2024-12-29,1,87.24007673595318
A3,2024-12-30,1,82.31340606909899
A3,2024-12-31,1,86.78533723604286
A4,2024-01-01,1,93.53499703953078
A4,2024-01-02,1,91.76437659747148
A4,2024-01-03,1,91.04778582428385
A4,2024-01-04,1,90.80803375259777
A4,2024-01-05,1,91.62943962034228
A4,2024-01-06,1,93.97796832859724
A4,2024-01-07,1,93.23567211371875
A4,2024-01-08,1,90.17999056527857
A4,2024-01-09,1,92.71553397397044
A4,2024-01-10,1,90.26960281657733
A4,2024-01-11,1,90.56688222493172
A4,2024-01-12,1,92.24588250624642
A4,2024-01-13,1,94.04069934605945
A4,2024-01-14,1,94.4014206957667
A4,2024-01-15,1,89.41374989583879
A4,2024-01-16,1,91.60340589195518
A4,2024-01-17,1,92.08995344131287
A4,2024-01-18,1,92.48551749656005
A4,2024-01-19,1,91.89419847359342
A4,2024-01-20,1,94.07951799764577
A4,2024-01-21,1,92.68820530718871
A4,2024-01-22,1,72.25645644135842
A4,2024-01-23,2,63.53158657393777
A4,2024-01-24,2,60.01579707195261
A4,2024-01-25,2,58.25659737145132
A4,2024-01-26,1,84.36379173208678
A4,2024-01-27,1,87.83994605304576
A4,2024-01-28,1,90.26904558265414
A4,2024-01-29,1,88.78769354095775
A4,2024-01-30,1,90.21666640028945
A4,2024-01-31,1,88.37788687097009
A4,2024-02-01,1,83.7349595095243
A4,2024-02-02,1,90.50952491865523
A4,2024-02-03,1,93.12070609844403
A4,2024-02-04,1,84.67301434126927
A4,2024-02-05,1,81.67197762976124
A4,2024-02-06,1,82.93981352573519
A4,2024-02-07,1,88.3332751168268
A4,2024-02-08,1,88.30338310858781
A4,2024-02-09,1,89.25590784465354
A4,2024-02-10,1,92.05654929200462
A4,2024-02-11,1,89.93449190099277
A4,2024-02-12,1,91.06674785941945
A4,2024-02-13,1,90.15826023904289
A4,2024-02-14,1,92.19994617284596
A4,2024-02-15,1,91.55819282498535
A4,2024-02-16,1,90.39139243994508
A4,2024-02-17,1,92.87440258694986
A4,2024-02-18,1,91.17735206346364
A4,2024-02-19,1,92.09786118121448
A4,2024-02-20,1,92.00674285592943
A4,2024-02-21,1,85.2788930968341
A4,2024-02-22,1,80.60711580059166
A4,2024-02-23,1,78.49639021764916
A4,2024-02-24,1,82.44913269533109
A4,2024-02-25,1,80.21811593071028
A4,2024-02-26,1,81.48269109540351
A4,2024-02-27,1,87.82988387520889
A4,2024-02-28,1,83.10684839442996
A4,2024-02-29,1,80.05072840454446
A4,2024-03-01,1,84.37043808597767
A4,2024-03-02,1,92.52166295502755
A4,2024-03-03,1,92.18628163417975
A4,2024-03-04,1,93.67860077353694
A4,2024-03-05,1,94.43987186902169
A4,2024-03-06,1,94.89914487046963
A4,2024-03-07,1,94.64147127217223
A4,2024-03-08,1,94.77777165498763
A4,2024-03-09,1,96.26700205330562
A4,2024-03-10,1,96.56272393766646
A4,2024-03-11,1,94.52932119031358
A4,2024-03-12,1,94.75360963348339
A4,2024-03-13,1,94.78888975260597
A4,2024-03-14,1,95.42746624229915
A4,2024-03-15,1,95.30270503056676
A4,2024-03-16,1,97.22463568422336
A4,2024-03-17,1,96.51941262193728
A4,2024-03-18,1,94.04656818817554
A4,2024-03-19,1,95.40908440038764
A4,2024-03-20,1,94.41786586978452
A4,2024-03-21,1,95.1040560054453
A4,2024-03-22,1,95.24613370427949
A4,2024-03-23,1,96.77429717964782
A4,2024-03-24,1,96.84237255520439
A4,2024-03-25,1,94.45349436024344
A4,2024-03-26,1,94.62738529571628
A4,2024-03-27,1,94.44807051055378
A4,2024-03-28,1,95.64229995952576
A4,2024-03-29,1,95.92449915627338
A4,2024-03-30,1,96.68178879149625
A4,2024-03-31,1,97.64924255913448
A4,2024-04-01,1,94.87678411312493
A4,2024-04-02,1,95.7321751160002
A4,2024-04-03,1,95.58357371265129
A4,2024-04-04,1,97.04734197799513
A4,2024-04-05,1,97.32360048850168
A4,2024-04-06,1,96.52796998189112
A4,2024-04-07,1,94.87679375551873
A4,2024-04-08,1,95.22214042571936
A4,2024-04-09,1,95.05204458896193
A4,2024-04-10,1,95.20442398058508
A4,2024-04-11,1,95.57152835867232
A4,2024-04-12,1,95.27282104436486
A4,2024-04-13,1,97.54789342169093
A4,2024-04-14,1,96.63440170381527
A4,2024-04-15,1,95.24784051378624
A4,2024-04-16,1,97.05446412164555
A4,2024-04-17,1,96.48453629355622
A4,2024-04-18,1,96.2934573550089
A4,2024-04-19,1,96.50294430491698
A4,2024-04-20,1,98.9721253871988
A4,2024-04-21,1,98.3523893937528
A4,2024-04-22,1,96.36302050957451
A4,2024-04-23,1,96.71736239072305
A4,2024-04-24,1,96.6761631840064
A4,2024-04-25,1,95.50244420525789
A4,2024-04-26,1,97.42565794131298
A4,2024-04-27,1,98.32795015483576
A4,2024-04-28,1,99.23918659598111
A4,2024-04-29,1,98.86129931340781
A4,2024-04-30,1,97.78231527125058
A4,2024-05-01,1,98.63761248442377
A4,2024-05-02,1,99.00076348046412
A4,2024-05-03,1,98.50635011435716
A4,2024-05-04,1,97.09318456035905
A4,2024-05-05,1,98.1090494172621
A4,2024-05-06,1,97.66803165821396
A4,2024-05-07,1,98.69272012476267
A4,2024-05-08,1,98.6125936651201
A4,2024-05-09,1,99.23191123193274
A4,2024-05-10,1,98.59288083878441
A4,2024-05-11,1,99.42187983411253
A4,2024-05-12,1,98.635475272742
A4,2024-05-13,1,98.9440169652583
A4,2024-05-14,1,99.28847255260912
A4,2024-05-15,1,98.4842380728007
A4,2024-05-16,1,99.37538715672106
A4,2024-05-17,1,98.63276502200898
A4,2024-05-18,1,99.620121360749
A4,2024-05-19,1,98.70568903444459
A4,2024-05-20,1,98.9301036135922
A4,2024-05-21,1,98.67169655568031
A4,2024-05-22,1,98.39370106127205
A4,2024-05-23,1,99.33878902897482
A4,2024-05-24,1,99.31627110623333
A4,2024-05-25,1,98.71099037519535
A4,2024-05-26,1,98.58030894464952
A4,2024-05-27,1,99.08797608546674
A4,2024-05-28,1,98.78676381419325
A4,2024-05-29,1,99.36612050836308
A4,2024-05-30,1,99.34456685056982
A4,2024-05-31,1,99.58357584687475
A4,2024-06-01,1,99.02806991372663
A4,2024-06-02,1,99.16547282918619
A4,2024-06-03,1,99.13192984668852
A4,2024-06-04,1,99.02081048490942
A4,2024-06-05,1,99.25794219569282
A4,2024-06-06,1,98.8672949508187
A4,2024-06-07,1,98.89140221023561
A4,2024-06-08,1,99.32018112895389
A4,2024-06-09,1,98.80494602581514
A4,2024-06-10,1,98.03807628258662
A4,2024-06-11,1,98.997191110831
A4,2024-06-12,1,99.0306235240037
A4,2024-06-13,1,98.620158436091
A4,2024-06-14,1,98.82797263922618
A4,2024-06-15,1,99.18936452049559
A4,2024-06-16,1,99.31465007063494
A4,2024-06-17,1,99.11703100821583
A4,2024-06-18,1,98.38894698585752
A4,2024-06-19,1,99.09254627897303
A4,2024-06-20,1,99.07919440883335
A4,2024-06-21,1,98.90280662657699
A4,2024-06-22,1,98.80959717871019
A4,2024-06-23,1,98.71203195758626
A4,2024-06-24,1,98.59059006879245
A4,2024-06-25,1,98.25581104369395
A4,2024-06-26,1,98.24758651353005
A4,2024-06-27,1,97.97490140671418
A4,2024-06-28,1,98.07911068013779
A4,2024-06-29,1,98.07964061556724
A4,2024-06-30,1,97.85396011380666
A4,2024-07-01,1,97.46610493117798
A4,2024-07-02,1,97.2017707435068
A4,2024-07-03,1,97.89715558437189
A4,2024-07-04,1,97.88709058943543
A4,2024-07-05,1,97.98344286080054
A4,2024-07-06,1,98.05394388286402
A4,2024-07-07,1,97.39503082444246
A4,2024-07-08,1,97.34334083946403
A4,2024-07-09,1,97.97468187299559
A4,2024-07-10,1,97.47413171861473
A4,2024-07-11,1,98.01848872909939
A4,2024-07-12,1,98.75279922575363
A4,2024-07-13,1,98.11494352052283
A4,2024-07-14,1,98.23006796276064
A4,2024-07-15,1,98.41506619429425
A4,2024-07-16,1,96.2558753889204
A4,2024-07-17,1,96.87517101330096
A4,2024-07-18,1,97.80981692146176
A4,2024-07-19,1,97.49150478010486
A4,2024-07-20,1,97.73975502641368
A4,2024-07-21,1,97.32402780750253
A4,2024-07-22,1,98.05521458183757
A4,2024-07-23,1,98.12373962142188
A4,2024-07-24,1,97.92314790215084
A4,2024-07-25,1,98.05770240864412
A4,2024-07-26,1,97.63743449849325
A4,2024-07-27,1,98.89107838112831
A4,2024-07-28,1,97.89248108723648
A4,2024-07-29,1,98.02878947200712
A4,2024-07-30,1,97.14339546402802
A4,2024-07-31,1,97.70863721240936
A4,2024-08-01,1,97.33430265198186
A4,2024-08-02,1,97.34634190729541
A4,2024-08-03,1,98.12261608312002
A4,2024-08-04,1,97.39666352431581
A4,2024-08-05,1,97.5129223574653
A4,2024-08-06,1,96.70454422825819
A4,2024-08-07,1,97.5084168328057
A4,2024-08-08,1,97.64635465791662
A4,2024-08-09,1,97.28734364971393
A4,2024-08-10,1,97.21223449286114
A4,2024-08-11,1,97.24067379929964
A4,2024-08-12,1,96.39843293442081
A4,2024-08-13,1,98.16172387875939
A4,2024-08-14,1,97.46658226278436
A4,2024-08-15,1,98.12855864713708
A4,2024-08-16,1,97.55240210026508
A4,2024-08-17,1,97.26578176729974
A4,2024-08-18,1,97.27297067987092
A4,2024-08-19,1,97.75124648962486
A4,2024-08-20,1,96.10149090680753
A4,2024-08-21,1,97.31464505901545
A4,2024-08-22,1,96.19254494190825
A4,2024-08-23,1,98.21740578833224
A4,2024-08-24,1,97.10316464019701
A4,2024-08-25,1,97.1503951369892
A4,2024-08-26,1,97.74152336663516
A4,2024-08-27,1,97.43503490673062
A4,2024-08-28,1,97.90760856215029
A4,2024-08-29,1,97.76393506933127
A4,2024-08-30,1,96.52764268913162
A4,2024-08-31,1,97.99335765576497
A4,2024-09-01,1,97.70827900112951
A4,2024-09-02,1,96.99278514005154
A4,2024-09-03,1,96.52070585442841
A4,2024-09-04,1,96.75054634350113
A4,2024-09-05,1,96.97983698618185
A4,2024-09-06,1,96.52701359161433
A4,2024-09-07,1,97.35828583293703
A4,2024-09-08,1,96.63637646892757
A4,2024-09-09,1,95.84776592016053
A4,2024-09-10,1,96.55203093815015
A4,2024-09-11,1,95.82431836381942
A4,2024-09-12,1,97.2521055358729
A4,2024-09-13,1,97.45879955989601
A4,2024-09-14,1,97.2700687093058
A4,2024-09-15,1,98.25514801229129
A4,2024-09-16,1,98.19955999221752
A4,2024-09-17,1,96.62049888393804
A4,2024-09-18,1,98.22491744515779
A4,2024-09-19,1,96.76938377652456
A4,2024-09-20,1,97.30253317666293
A4,2024-09-21,1,97.8051685199674
A4,2024-09-22,1,96.80845787594234
A4,2024-09-23,1,97.23814597762387
A4,2024-09-24,1,97.14334034516337
A4,2024-09-25,1,94.82164651614558
A4,2024-09-26,1,95.56060644754875
A4,2024-09-27,1,96.99785453621892
A4,2024-09-28,1,97.1780617511107
A4,2024-09-29,1,96.73800908803648
A4,2024-09-30,1,97.56226867894175
A4,2024-10-01,1,99.17324971920625
A4,2024-10-02,1,96.72259562130127
A4,2024-10-03,1,97.35772521400608
A4,2024-10-04,1,97.79363257948819
A4,2024-10-05,1,95.92922084485012
A4,2024-10-06,1,97.08630880306457
A4,2024-10-07,1,95.9332464288224
A4,2024-10-08,1,95.41722245139455
A4,2024-10-09,1,97.21008703177246
A4,2024-10-10,1,97.59050886294895
A4,2024-10-11,1,97.50316382880808
A4,2024-10-12,1,96.53971397558703
A4,2024-10-13,1,97.58743767017923
A4,2024-10-14,1,97.57899556728404
A4,2024-10-15,1,98.5381533257784
A4,2024-10-16,1,98.57925131084272
A4,2024-10-17,1,98.08001225325386
A4,2024-10-18,1,97.959771279214
A4,2024-10-19,1,98.06411046911516
A4,2024-10-20,1,98.12696219486942
A4,2024-10-21,1,98.1978287676201
A4,2024-10-22,1,97.68859692644384
A4,2024-10-23,1,97.67774627540165
A4,2024-10-24,1,97.59012079087661
A4,2024-10-25,1,98.26845647541455
A4,2024-10-26,1,98.05616174582795
A4,2024-10-27,1,96.38970536610543
A4,2024-10-28,1,96.51646066384373
A4,2024-10-29,1,98.0431642949743
A4,2024-10-30,1,98.19918821187011
A4,2024-10-31,1,91.11837853680203
A4,2024-11-01,1,80.09987164268728
A4,2024-11-02,1,96.37599023724323
A4,2024-11-03,1,93.1732680126369
A4,2024-11-04,1,96.40560397394329
A4,2024-11-05,1,98.08138607580192
A4,2024-11-06,1,98.23652793995676
A4,2024-11-07,1,98.12506384222782
A4,2024-11-08,1,98.15418607539327
A4,2024-11-09,1,98.06420087954606
A4,2024-11-10,1,97.84890541458958
A4,2024-11-11,1,98.00650295779053
A4,2024-11-12,1,98.59899560882117
A4,2024-11-13,1,98.46685669458972
A4,2024-11-14,1,98.19907335187709
A4,2024-11-15,1,99.03554402711883
A4,2024-11-16,1,98.81706193875202
A4,2024-11-17,1,98.08504482407197
A4,2024-11-18,1,97.60964841054958
A4,2024-11-19,1,95.65047123778216
A4,2024-11-20,1,96.71929082592293
A4,2024-11-21,1,96.57936211782673
A4,2024-11-22,1,97.13640109230252
A4,2024-11-23,1,97.29211699371199
A4,2024-11-24,1,95.82021137681413
A4,2024-11-25,1,92.77311645630009
A4,2024-11-26,1,96.48177931736018
A4,2024-11-27,1,95.98292815837888
A4,2024-11-28,1,95.58158861544875
A4,2024-11-29,1,96.05429602936569
A4,2024-11-30,1,95.8841085421851
A4,2024-12-01,1,97.9710482270919
A4,2024-12-02,1,97.19953787552689
A4,2024-12-03,1,98.099362012378
A4,2024-12-04,1,98.43451671455018
A4,2024-12-05,1,98.33219169534627
A4,2024-12-06,1,97.06145011519307
A4,2024-12-07,1,97.37890493587432
A4,2024-12-08,1,97.56289203341932
A4,2024-12-09,1,98.10453605012243
A4,2024-12-10,1,98.93076311687066
A4,2024-12-11,1,99.51526831558995
A4,2024-12-12,1,98.51448782268196
A4,2024-12-13,1,99.14102890862226
A4,2024-12-14,1,98.15509128585151
A4,2024-12-15,1,98.17646479933401
A4,2024-12-16,1,98.7294442257354
A4,2024-12-17,1,98.29503133122279
A4,2024-12-18,1,99.13050455475866
A4,2024-12-19,1,98.87933526819445
A4,2024-12-20,1,98.45870615953805
A4,2024-12-21,1,98.11649112149657
A4,2024-12-22,1,98.6901001231461
A4,2024-12-23,1,98.02970926755509
A4,2024-12-24,1,99.07123631272135
A4,2024-12-25,1,99.13569659350985
A4,2024-12-26,1,99.05758453749675
A4,2024-12-27,1,98.21193556856159
A4,2024-12-28,1,97.7034315410135
A4,2024-12-29,1,97.7705445204808
A4,2024-12-30,1,98.69466132779537
A4,2024-12-31,1,98.28385741077906
A5,2024-01-01,2,22.35712533725779
A5,2024-01-02,2,58.78449179182675
A5,2024-01-03,2,61.32840028188865
A5,2024-01-04,2,51.570109151973156
A5,2024-01-05,2,40.845654276633944
A5,2024-01-06,2,46.78057553956834
A5,2024-01-07,2,67.26120283018872
A5,2024-01-08,2,59.27284324669113
A5,2024-01-09,2,63.06802904006452
A5,2024-01-10,1,73.84212645992747
A5,2024-01-11,2,60.3397582489383
A5,2024-01-12,2,54.163126593033184
A5,2024-01-13,1,78.3151326053042
A5,2024-01-14,1,67.22801788375563
A5,2024-01-15,2,71.19936875328774
A5,2024-01-16,1,90.81473793461343
A5,2024-01-17,2,62.910052910052904
A5,2024-01-18,1,76.28594572701498
A5,2024-01-19,2,64.84272128749087
A5,2024-01-20,2,29.041583277740703
A5,2024-01-21,2,48.418277680140605
A5,2024-01-22,1,92.6723323890463
A5,2024-01-23,2,65.89646745167744
A5,2024-01-24,2,44.78046594982084
A5,2024-01-25,2,35.238095238095205
A5,2024-01-26,1,62.98227320125132
A5,2024-01-27,2,59.11673080447132
A5,2024-01-28,2,78.15235289019846
A5,2024-01-29,1,75.81903276131041
A5,2024-01-30,1,74.26754485578016
A5,2024-01-31,1,81.91566703017078
A5,2024-02-01,2,60.19554717870186
A5,2024-02-02,2,53.13328203812937
A5,2024-02-03,2,64.18819188191878
A5,2024-02-04,2,39.36700628658139
A5,2024-02-05,1,68.64172734120008
A5,2024-02-06,2,55.861555638258274
A5,2024-02-07,2,73.74226727286283
A5,2024-02-08,2,50.48643699210259
A5,2024-02-09,2,46.86256504438323
A5,2024-02-10,2,39.57453008888245
A5,2024-02-11,2,70.53824362606231
A5,2024-02-12,2,19.309718437783843
A5,2024-02-13,2,59.27035412431798
A5,2024-02-14,1,99.99999999999999
A5,2024-02-15,2,67.07083599234203
A5,2024-02-16,2,37.52855659397716
A5,2024-02-17,2,66.8386322735453
A5,2024-02-18,2,53.54590434304563
A5,2024-02-19,2,72.39695252979101
A5,2024-02-20,2,32.27358293244092
A5,2024-02-21,1,81.1547344110855
A5,2024-02-22,2,67.57649130530487
A5,2024-02-23,2,55.86206896551722
A5,2024-02-24,2,65.38162599098392
A5,2024-02-25,2,37.67668562144599
A5,2024-02-26,2,66.52598577113228
A5,2024-02-27,2,63.211563211563174
A5,2024-02-28,2,45.8148653256052
A5,2024-02-29,2,59.42429476108231
A5,2024-03-01,2,46.22480355312607
A5,2024-03-02,2,57.41786829195775
A5,2024-03-03,2,45.448239986128
A5,2024-03-04,2,74.31838170624454
A5,2024-03-05,1,83.26848249027236
A5,2024-03-06,1,94.1220423412204
A5,2024-03-07,2,48.367720031339765
A5,2024-03-08,1,76.12594659226782
A5,2024-03-09,2,39.55531155640955
A5,2024-03-10,2,38.77529286474972
A5,2024-03-11,2,57.82010885133197
A5,2024-03-12,2,44.06493506493506
A5,2024-03-13,1,91.23119015047881
A5,2024-03-14,2,45.52572706935123
A5,2024-03-15,2,59.76022133415313
A5,2024-03-16,2,38.18100458664277
A5,2024-03-17,2,61.00297687199454
A5,2024-03-18,2,57.097868217054234
A5,2024-03-19,2,66.31458386357852
A5,2024-03-20,2,30.513918629550336
A5,2024-03-21,2,51.006181770353784
A5,2024-03-22,2,66.38888888888891
A5,2024-03-23,2,84.13443125239372
A5,2024-03-24,1,99.67163770693661
A5,2024-03-25,2,58.89495377074749
A5,2024-03-26,1,81.62382285568847
A5,2024-03-27,2,31.35921314219945
A5,2024-03-28,2,57.563881486126355
A5,2024-03-29,2,71.79816513761465
A5,2024-03-30,2,71.34883720930232
A5,2024-03-31,2,49.9240890688259
A5,2024-04-01,1,69.88874703629403
A5,2024-04-02,2,28.665207877461675
A5,2024-04-03,1,81.50402086502937
A5,2024-04-04,2,69.05036524413687
A5,2024-04-05,2,67.48531139835498
A5,2024-04-06,2,68.14655883809206
A5,2024-04-07,1,81.06463878326994
A5,2024-04-08,1,78.16002490660023
A5,2024-04-09,2,70.10970048070995
A5,2024-04-10,1,81.30235341045075
A5,2024-04-11,2,71.67039856695027
A5,2024-04-12,1,58.87705711519846
A5,2024-04-13,2,53.48409150670525
A5,2024-04-14,2,46.5554565134344
A5,2024-04-15,1,91.28127369219105
A5,2024-04-16,2,47.84905660377359
A5,2024-04-17,1,89.80062959076601
A5,2024-04-18,2,51.264537566918946
A5,2024-04-19,2,70.15199599131446
A5,2024-04-20,2,27.317629179331306
A5,2024-04-21,2,45.14879964597855
A5,2024-04-22,2,53.623188405797116
A5,2024-04-23,2,26.761397276494986
A5,2024-04-24,2,51.998317206562916
A5,2024-04-25,1,72.09265679167981
A5,2024-04-26,2,46.275395033860065
A5,2024-04-27,2,47.92342997873053
A5,2024-04-28,2,44.69885515181683
A5,2024-04-29,1,71.39479905437352
A5,2024-04-30,1,92.02516827626575
A5,2024-05-01,2,69.60008554319921
A5,2024-05-02,2,69.68744832148175
A5,2024-05-03,2,63.622312772235524
A5,2024-05-04,2,68.46383094012455
A5,2024-05-05,2,46.57607964482713
A5,2024-05-06,1,92.08992506244792
A5,2024-05-07,2,45.16178034330848
A5,2024-05-08,2,60.35884066860909
A5,2024-05-09,1,79.56798342950141
A5,2024-05-10,2,62.129549184284194
A5,2024-05-11,2,75.90184563758389
A5,2024-05-12,2,53.172753172753175
A5,2024-05-13,2,73.71638141809292
A5,2024-05-14,2,70.2259722626321
A5,2024-05-15,2,64.65443945098995
A5,2024-05-16,2,67.31774415405775
A5,2024-05-17,2,60.38479369494667
A5,2024-05-18,2,48.35501147666409
A5,2024-05-19,1,73.16574698548943
A5,2024-05-20,1,62.32142857142854
A5,2024-05-21,2,50.57203981025019
A5,2024-05-22,1,75.7851912123678
A5,2024-05-23,2,55.52654482158403
A5,2024-05-24,2,63.78427579929459
A5,2024-05-25,2,76.60478097318287
A5,2024-05-26,2,51.74892189746048
A5,2024-05-27,1,68.9278171201392
A5,2024-05-28,2,50.34625415954671
A5,2024-05-29,2,72.12432697014202
A5,2024-05-30,2,53.60409238877695
A5,2024-05-31,1,92.43017488906291
A5,2024-06-01,1,84.42446498670387
A5,2024-06-02,2,59.83349041784477
A5,2024-06-03,1,93.97318065390985
A5,2024-06-04,1,90.47619047619048
A5,2024-06-05,2,68.4071186939256
A5,2024-06-06,1,78.66666666666666
A5,2024-06-07,1,93.23591798255951
A5,2024-06-08,1,81.02981029810292
A5,2024-06-09,1,71.54820700021473
A5,2024-06-10,1,86.88679245283019
A5,2024-06-11,1,61.56870860927152
A5,2024-06-12,2,64.36781609195401
A5,2024-06-13,1,83.92654726819315
A5,2024-06-14,2,34.489110412829106
A5,2024-06-15,1,84.7384349329874
A5,2024-06-16,2,55.45689974102845
A5,2024-06-17,1,93.13135985198888
A5,2024-06-18,2,63.33752093802342
A5,2024-06-19,1,87.87365177195682
A5,2024-06-20,2,71.18030412744386
A5,2024-06-21,1,69.64078794901508
A5,2024-06-22,2,49.96001370958528
A5,2024-06-23,2,45.75587513153279
A5,2024-06-24,2,65.16890783863562
A5,2024-06-25,2,51.21367521367522
A5,2024-06-26,2,53.461571053300574
A5,2024-06-27,2,58.54602810438772
A5,2024-06-28,2,62.509138762977045
A5,2024-06-29,2,48.88950970805976
A5,2024-06-30,2,36.832309696631306
A5,2024-07-01,2,62.82566622003869
A5,2024-07-02,2,65.94570237692913
A5,2024-07-03,1,93.04100834368903
A5,2024-07-04,1,87.6336318982952
A5,2024-07-05,2,45.65605716141604
A5,2024-07-06,2,60.92097593471565
A5,2024-07-07,2,76.56800563777306
A5,2024-07-08,1,66.25928588545413
A5,2024-07-09,2,68.79246748204235
A5,2024-07-10,2,66.77092916283353
A5,2024-07-11,2,58.493989566795214
A5,2024-07-12,2,66.27501613944484
A5,2024-07-13,1,82.76981852913079
A5,2024-07-14,2,33.25972950593435
A5,2024-07-15,2,57.14285714285714
A5,2024-07-16,1,86.85825475228263
A5,2024-07-17,1,78.91706861677295
A5,2024-07-18,2,57.389134626290115
A5,2024-07-19,2,54.98930862437631
A5,2024-07-20,2,65.34745762711864
A5,2024-07-21,2,44.67532467532468
A5,2024-07-22,2,52.30484522207271
A5,2024-07-23,2,44.48348559381587
A5,2024-07-24,2,73.15658657829324
A5,2024-07-25,2,62.638141116463565
A5,2024-07-26,1,87.6641270870481
A5,2024-07-27,2,59.63749756382764
A5,2024-07-28,2,41.83335116055192
A5,2024-07-29,1,84.02887139107617
A5,2024-07-30,1,73.04079269077334
A5,2024-07-31,2,47.56955298530788
A5,2024-08-01,1,75.6708567353125
A5,2024-08-02,2,70.72866559771961
A5,2024-08-03,2,79.42540582324142
A5,2024-08-04,2,60.94058980311237
A5,2024-08-05,2,76.9691973319344
A5,2024-08-06,2,72.1812324638886
A5,2024-08-07,1,64.58855585831063
A5,2024-08-08,2,59.49052234325415
A5,2024-08-09,1,69.86237462094705
A5,2024-08-10,2,75.45337545337544
A5,2024-08-11,2,70.58309037900882
A5,2024-08-12,1,96.12391033623908
A5,2024-08-13,2,65.92308378691891
A5,2024-08-14,2,51.39002452984464
A5,2024-08-15,1,77.30250958091237
A5,2024-08-16,1,94.61695087808609
A5,2024-08-17,2,67.03786191536751
A5,2024-08-18,1,89.07715582450835
A5,2024-08-19,2,60.302064569765825
A5,2024-08-20,2,74.77070317692406
A5,2024-08-21,1,77.53821583390365
A5,2024-08-22,1,83.57225881441296
A5,2024-08-23,1,77.45024875621884
A5,2024-08-24,2,93.14775160599574
A5,2024-08-25,2,67.21073981070116
A5,2024-08-26,1,92.07881773399014
A5,2024-08-27,2,68.78819810326657
A5,2024-08-28,2,67.08129720124388
A5,2024-08-29,2,69.11311494121678
A5,2024-08-30,1,86.28437290409117
A5,2024-08-31,2,57.01088332067831
A5,2024-09-01,2,51.02146366692527
A5,2024-09-02,2,54.9576648841355
A5,2024-09-03,2,49.466288339413566
A5,2024-09-04,2,51.67123287671234
A5,2024-09-05,1,90.05242825607067
A5,2024-09-06,2,65.55934353444854
A5,2024-09-07,2,66.14110527154004
A5,2024-09-08,2,55.13582342954159
A5,2024-09-09,1,80.34337261748874
A5,2024-09-10,2,51.413108839446764
A5,2024-09-11,2,51.035001881821586
A5,2024-09-12,2,64.15413533834585
A5,2024-09-13,2,64.05011779824372
A5,2024-09-14,2,71.4168653158522
A5,2024-09-15,2,64.46106094808127
A5,2024-09-16,2,50.203343877089935
A5,2024-09-17,2,53.02182735548975
A5,2024-09-18,2,59.63751819023684
A5,2024-09-19,2,58.79139638101738
A5,2024-09-20,1,87.13571305397477
A5,2024-09-21,1,72.08691499522445
A5,2024-09-22,2,42.15890183028286
A5,2024-09-23,2,54.62157809983895
A5,2024-09-24,2,47.1373119844736
A5,2024-09-25,1,96.07535321821034
A5,2024-09-26,2,65.85310734463279
A5,2024-09-27,2,59.187187876700555
A5,2024-09-28,2,41.9961754364321
A5,2024-09-29,1,73.1629392971246
A5,2024-09-30,2,74.76593174267589
A5,2024-10-01,2,56.772297469971924
A5,2024-10-02,2,54.796264855687596
A5,2024-10-03,2,62.086914417140804
A5,2024-10-04,2,56.02072821491888
A5,2024-10-05,2,86.21844985481349
A5,2024-10-06,2,40.01898884405411
A5,2024-10-07,2,39.65186841264774
A5,2024-10-08,1,77.2637263726373
A5,2024-10-09,2,84.4340011542584
A5,2024-10-10,2,60.08266260604744
A5,2024-10-11,1,85.0911825531115
A5,2024-10-12,1,86.83801554094437
A5,2024-10-13,1,74.14765100671138
A5,2024-10-14,2,45.804272814037176
A5,2024-10-15,2,51.06382978723404
A5,2024-10-16,2,51.13201999411937
A5,2024-10-17,1,68.70399286192284
A5,2024-10-18,2,85.71791829123575
A5,2024-10-19,2,71.124150710315
A5,2024-10-20,2,26.696428571428545
A5,2024-10-21,1,77.72285966460728
A5,2024-10-22,2,77.14520834891898
A5,2024-10-23,2,71.35431706612762
A5,2024-10-24,1,90.2905982905983
A5,2024-10-25,2,60.87043924012466
A5,2024-10-26,2,54.97885428681272
A5,2024-10-27,1,76.57308809293322
A5,2024-10-28,1,74.37031687279952
A5,2024-10-29,2,78.554040895813
A5,2024-10-30,1,91.19905493207318
A5,2024-10-31,2,44.46324497085915
A5,2024-11-01,1,99.52224544640193
A5,2024-11-02,1,59.936791225134755
A5,2024-11-03,2,61.68547656314356
A5,2024-11-04,2,68.89632107023415
A5,2024-11-05,1,89.00700652331481
A5,2024-11-06,2,61.90815744438106
A5,2024-11-07,2,36.113721804511286
A5,2024-11-08,1,71.45665773011618
A5,2024-11-09,2,73.65937365937366
A5,2024-11-10,2,68.36430373938978
A5,2024-11-11,2,59.980473950474845
A5,2024-11-12,1,88.70503597122298
A5,2024-11-13,2,50.90628615503277
A5,2024-11-14,1,88.6827117398494
A5,2024-11-15,1,66.25530273814118
A5,2024-11-16,2,61.592750718829016
A5,2024-11-17,2,73.23308270676688
A5,2024-11-18,2,47.99488054607509
A5,2024-11-19,2,62.193238373090765
A5,2024-11-20,2,42.23122238586155
A5,2024-11-21,1,77.27047146401985
A5,2024-11-22,1,92.73828989131478
A5,2024-11-23,2,63.08813113427099
A5,2024-11-24,2,69.15187663660161
A5,2024-11-25,1,69.95507947477542
A5,2024-11-26,1,62.78532216122509
A5,2024-11-27,1,84.16933475631451
A5,2024-11-28,1,72.48908296943235
A5,2024-11-29,2,52.3140179766686
A5,2024-11-30,2,71.77983899194962
A5,2024-12-01,2,53.46064687051547
A5,2024-12-02,2,48.58202443280976
A5,2024-12-03,1,87.53968253968253
A5,2024-12-04,2,50.71729047567685
A5,2024-12-05,2,69.34252647131231
A5,2024-12-06,1,85.46387345019242
A5,2024-12-07,2,70.7727517501346
A5,2024-12-08,2,65.2922337870296
A5,2024-12-09,2,50.78151837856407
A5,2024-12-10,2,83.84783003450153
A5,2024-12-11,2,72.42098986285025
A5,2024-12-12,2,63.25585789871504
A5,2024-12-13,2,50.28273943093079
A5,2024-12-14,2,79.41958887545339
A5,2024-12-15,2,40.23367285799884
A5,2024-12-16,1,93.05555555555559
A5,2024-12-17,2,59.07196443456516
A5,2024-12-18,2,64.28618056008875
A5,2024-12-19,2,67.09993607500535
A5,2024-12-20,2,46.673861852433284
A5,2024-12-21,2,79.03718529442753
A5,2024-12-22,2,68.23418763225962
A5,2024-12-23,2,47.6195010474195
A5,2024-12-24,2,64.7586066408637
A5,2024-12-25,2,77.73248407643314
A5,2024-12-26,1,86.23136976579133
A5,2024-12-27,1,72.41170044908365
A5,2024-12-28,2,85.09836751778978
A5,2024-12-29,2,56.301939058171726
A5,2024-12-30,1,91.69281338712089
A5,2024-12-31,1,82.14237288135593
A6,2024-01-01,2,33.243020379314395
A6,2024-01-02,2,51.89232186217863
A6,2024-01-03,2,44.22297297297298
A6,2024-01-04,2,46.920183869619706
A6,2024-01-05,2,43.470856218333545
A6,2024-01-06,2,29.186662771773157
A6,2024-01-07,2,44.17539721085133
A6,2024-01-08,2,43.37275766617537
A6,2024-01-09,2,46.86377452334899
A6,2024-01-10,2,41.99606239588066
A6,2024-01-11,2,39.99663044393903
A6,2024-01-12,2,50.316455696202546
A6,2024-01-13,2,40.743949044585975
A6,2024-01-14,2,47.61428796885686
A6,2024-01-15,2,43.425342316887644
A6,2024-01-16,2,50.303322099181514
A6,2024-01-17,2,42.627967359050444
A6,2024-01-18,2,42.92102021262035
A6,2024-01-19,2,49.134380453752186
A6,2024-01-20,2,54.31662336556074
A6,2024-01-21,2,50.86554224902052
A6,2024-01-22,2,41.46583030703202
A6,2024-01-23,2,41.14058869093726
A6,2024-01-24,2,49.51783992285442
A6,2024-01-25,2,55.56657848324518
A6,2024-01-26,2,37.7109051945308
A6,2024-01-27,2,40.34522689440545
A6,2024-01-28,2,44.01581302402366
A6,2024-01-29,2,50.60439322386383
A6,2024-01-30,2,52.014912124977805
A6,2024-01-31,2,44.87254226509091
A6,2024-02-01,2,53.88440308380091
A6,2024-02-02,2,41.50217344830042
A6,2024-02-03,2,38.821715206953364
A6,2024-02-04,2,45.985604644689225
A6,2024-02-05,2,39.89583333333336
A6,2024-02-06,2,45.9723820483314
A6,2024-02-07,2,36.74097114221529
A6,2024-02-08,2,49.59898244002403
A6,2024-02-09,2,47.345420398728685
A6,2024-02-10,2,40.5536618117963
A6,2024-02-11,2,49.69187675070026
A6,2024-02-12,2,40.53377265238879
A6,2024-02-13,2,62.94297976701407
A6,2024-02-14,2,44.70487504682399
A6,2024-02-15,2,50.16257519102586
A6,2024-02-16,2,52.703731911652696
A6,2024-02-17,2,39.532679009591774
A6,2024-02-18,2,53.83291139240508
A6,2024-02-19,2,48.791967367430175
A6,2024-02-20,2,55.311313154563244
A6,2024-02-21,2,42.473570960800814
A6,2024-02-22,2,49.29837359996569
A6,2024-02-23,2,38.66230601513399
A6,2024-02-24,2,25.91395260859098
A6,2024-02-25,2,50.918255842645145
A6,2024-02-26,2,50.323133224324536
A6,2024-02-27,2,42.931696966221274
A6,2024-02-28,2,53.73303642704087
A6,2024-02-29,2,50.25795356835773
A6,2024-03-01,2,36.08979278587875
A6,2024-03-02,2,32.19631901840492
A6,2024-03-03,2,31.120090135591905
A6,2024-03-04,2,40.05357342163028
A6,2024-03-05,2,56.967706116406006
A6,2024-03-06,2,47.096402576320884
A6,2024-03-07,2,40.713622206436796
A6,2024-03-08,2,50.67553168818992
A6,2024-03-09,2,35.14464585294
A6,2024-03-10,2,42.959269494172766
A6,2024-03-11,2,39.320362614642434
A6,2024-03-12,2,38.32757305085507
A6,2024-03-13,2,47.34161249636167
A6,2024-03-14,2,46.40392076781702
A6,2024-03-15,2,40.08516403754959
A6,2024-03-16,2,41.277977972897524
A6,2024-03-17,2,39.31064230256451
A6,2024-03-18,2,46.135737540696226
A6,2024-03-19,2,37.716312056737564
A6,2024-03-20,2,38.781770376862404
A6,2024-03-21,2,53.519668737060066
A6,2024-03-22,2,28.89201124046567
A6,2024-03-23,2,46.726559273027675
A6,2024-03-24,2,44.650014169466836
A6,2024-03-25,2,47.810963176202485
A6,2024-03-26,2,51.959671496294305
A6,2024-03-27,2,39.67435920824591
A6,2024-03-28,2,48.43407234539092
A6,2024-03-29,2,49.499808288891224
A6,2024-03-30,2,51.07616521409626
A6,2024-03-31,2,38.77976322440473
A6,2024-04-01,2,60.38635589509028
A6,2024-04-02,2,46.67107471644372
A6,2024-04-03,2,44.944577591372095
A6,2024-04-04,2,39.832416208104036
A6,2024-04-05,2,43.45530387032052
A6,2024-04-06,2,46.88251536474575
A6,2024-04-07,2,51.29442032481105
A6,2024-04-08,2,48.55284552845532
A6,2024-04-09,2,47.92200659099228
A6,2024-04-10,2,55.94170964995744
A6,2024-04-11,2,44.06694800085832
A6,2024-04-12,2,41.707405395618345
A6,2024-04-13,2,43.683229531299716
A6,2024-04-14,2,53.69146660328025
A6,2024-04-15,2,50.155862840700195
A6,2024-04-16,2,55.477063004989176
A6,2024-04-17,2,52.94932594447699
A6,2024-04-18,2,49.172745732120035
A6,2024-04-19,2,59.23539722393291
A6,2024-04-20,2,38.4302847989999
A6,2024-04-21,2,34.380652162678935
A6,2024-04-22,2,49.77695739117061
A6,2024-04-23,2,53.07834344500139
A6,2024-04-24,2,57.27428571428569
A6,2024-04-25,2,49.15475856916037
A6,2024-04-26,2,56.122448979591844
A6,2024-04-27,2,51.06135062566495
A6,2024-04-28,2,45.79515043386587
A6,2024-04-29,2,43.65568947518271
A6,2024-04-30,2,44.22068463219225
A6,2024-05-01,2,38.77986179664362
A6,2024-05-02,2,63.97477546340527
A6,2024-05-03,2,56.61850015821116
A6,2024-05-04,2,49.61673917547132
A6,2024-05-05,2,41.76282396922964
A6,2024-05-06,2,51.69219807623796
A6,2024-05-07,2,48.82278626392559
A6,2024-05-08,2,53.13781788351106
A6,2024-05-09,2,33.139501410559035
A6,2024-05-10,2,38.88178096212896
A6,2024-05-11,2,41.184782608695635
A6,2024-05-12,2,37.15177951819175
A6,2024-05-13,2,43.82479890131454
A6,2024-05-14,2,47.95308857808861
A6,2024-05-15,2,50.444983818770226
A6,2024-05-16,2,55.50142103126268
A6,2024-05-17,2,48.724367509986685
A6,2024-05-18,2,45.235953501245525
A6,2024-05-19,2,38.823608860075645
A6,2024-05-20,2,40.910474368450814
A6,2024-05-21,2,44.58371113126033
A6,2024-05-22,2,55.280322462440445
A6,2024-05-23,2,35.095855395289384
A6,2024-05-24,2,52.08654340010271
A6,2024-05-25,2,35.445810914681
A6,2024-05-26,2,34.11581055607915
A6,2024-05-27,2,42.58928162105167
A6,2024-05-28,2,46.540565177757536
A6,2024-05-29,2,45.59510315121286
A6,2024-05-30,2,50.56828885400315
A6,2024-05-31,2,29.65866978740005
A6,2024-06-01,2,34.86221449851043
A6,2024-06-02,2,30.43290251285255
A6,2024-06-03,2,49.95313964386129
A6,2024-06-04,2,46.560308367685636
A6,2024-06-05,2,58.20576879400407
A6,2024-06-06,2,54.464436560229814
A6,2024-06-07,2,45.586834127327855
A6,2024-06-08,2,42.52881716616422
A6,2024-06-09,2,60.84592891561304
A6,2024-06-10,2,41.1362248014661
A6,2024-06-11,2,44.93203557643898
A6,2024-06-12,2,49.6698679471789
A6,2024-06-13,2,43.8870856693223
A6,2024-06-14,2,37.920126532226185
A6,2024-06-15,2,35.37326125250562
A6,2024-06-16,2,49.23997009718414
A6,2024-06-17,2,46.95119602480649
A6,2024-06-18,2,42.578108119787395
A6,2024-06-19,2,57.81853281853283
A6,2024-06-20,2,50.28103562735118
A6,2024-06-21,2,40.36502315445382
A6,2024-06-22,2,43.840526160212825
A6,2024-06-23,2,34.31072210065644
A6,2024-06-24,2,38.338143872113676
A6,2024-06-25,2,40.48231226172529
A6,2024-06-26,2,64.92258832870185
A6,2024-06-27,2,35.5821917808219
A6,2024-06-28,2,46.463008789145796
A6,2024-06-29,2,39.43322555060705
A6,2024-06-30,2,51.379264832046466
A6,2024-07-01,2,57.93605107540951
A6,2024-07-02,2,48.903622811579176
A6,2024-07-03,2,45.46255075583386
A6,2024-07-04,2,48.966408268733815
A6,2024-07-05,2,35.48695533397077
A6,2024-07-06,2,45.690579083837484
A6,2024-07-07,2,42.66592629394745
A6,2024-07-08,2,50.025081095542276
A6,2024-07-09,2,49.39065420560746
A6,2024-07-10,2,43.771670498923314
A6,2024-07-11,2,50.13809220310177
A6,2024-07-12,2,49.90580002691428
A6,2024-07-13,2,44.71363371195221
A6,2024-07-14,2,37.62430939226518
A6,2024-07-15,2,44.870848708487095
A6,2024-07-16,2,48.57941130174722
A6,2024-07-17,2,46.02396514161223
A6,2024-07-18,2,43.83169473010133
A6,2024-07-19,2,58.239206580345595
A6,2024-07-20,2,34.80284986753774
A6,2024-07-21,2,43.289224952741044
A6,2024-07-22,2,54.26808364758312
A6,2024-07-23,2,44.0855041583614
A6,2024-07-24,2,45.53177030241252
A6,2024-07-25,2,45.69546049125525
A6,2024-07-26,2,44.83030435734618
A6,2024-07-27,2,51.003377707132934
A6,2024-07-28,2,45.06156469028227
A6,2024-07-29,2,47.0043333542674
A6,2024-07-30,2,54.71674307103499
A6,2024-07-31,2,49.58132553914213
A6,2024-08-01,2,42.52045687009887
A6,2024-08-02,2,31.922617989794098
A6,2024-08-03,2,50.10643852673014
A6,2024-08-04,2,39.00600734230728
A6,2024-08-05,2,57.64071609142027
A6,2024-08-06,2,45.35827744440522
A6,2024-08-07,2,45.18999620429337
A6,2024-08-08,2,60.758811240649635
A6,2024-08-09,2,45.418418476069775
A6,2024-08-10,2,34.72703935330583
A6,2024-08-11,2,47.914675959754916
A6,2024-08-12,2,60.599325567136745
A6,2024-08-13,2,51.5780155492264
A6,2024-08-14,2,44.07416482888181
A6,2024-08-15,2,54.564549379594695
A6,2024-08-16,2,50.611854684512444
A6,2024-08-17,2,37.79518950437318
A6,2024-08-18,2,43.696252465483255
A6,2024-08-19,2,41.395786577861415
A6,2024-08-20,2,51.214417221356754
A6,2024-08-21,2,55.614018603777104
A6,2024-08-22,2,53.91181738500818
A6,2024-08-23,2,48.71068192155627
A6,2024-08-24,2,37.05837301455165
A6,2024-08-25,2,52.213327054391335
A6,2024-08-26,2,41.53161741340959
A6,2024-08-27,2,36.24478302408608
A6,2024-08-28,2,39.77386841224387
A6,2024-08-29,2,57.15135431918007
A6,2024-08-30,2,49.331824041757066
A6,2024-08-31,2,44.430025953284094
A6,2024-09-01,2,40.58525563937174
A6,2024-09-02,2,37.18027734976888
A6,2024-09-03,2,46.56066756878665
A6,2024-09-04,2,50.771498771498756
A6,2024-09-05,2,52.78671737858397
A6,2024-09-06,2,56.41583998709573
A6,2024-09-07,2,34.559389924510846
A6,2024-09-08,2,42.66998036327931
A6,2024-09-09,2,52.52385406922361
A6,2024-09-10,2,51.43327184804826
A6,2024-09-11,2,43.80079253139902
A6,2024-09-12,2,58.66250620523367
A6,2024-09-13,2,51.65837732279619
A6,2024-09-14,2,48.14622834538266
A6,2024-09-15,2,47.99855589151134
A6,2024-09-16,2,58.75122472610671
A6,2024-09-17,2,27.612283267181947
A6,2024-09-18,2,45.665030127203764
A6,2024-09-19,2,36.525089268934394
A6,2024-09-20,2,54.44745967134028
A6,2024-09-21,2,38.8324159267146
A6,2024-09-22,2,47.34225312259991
A6,2024-09-23,2,50.95215468401619
A6,2024-09-24,2,43.45596432552954
A6,2024-09-25,2,65.31469304304584
A6,2024-09-26,2,45.78546712802767
A6,2024-09-27,2,39.68219698605295
A6,2024-09-28,2,41.73600367939123
A6,2024-09-29,2,40.2040958971133
A6,2024-09-30,2,49.410733712075434
A6,2024-10-01,2,57.04495853339152
A6,2024-10-02,2,52.63439708717067
A6,2024-10-03,2,62.52317345629127
A6,2024-10-04,2,48.34613506193667
A6,2024-10-05,2,49.75067007417565
A6,2024-10-06,2,64.63107308210745
A6,2024-10-07,2,51.650911083710064
A6,2024-10-08,2,52.66314912524298
A6,2024-10-09,2,37.65421666384992
A6,2024-10-10,2,40.52642841857477
A6,2024-10-11,2,42.81460091142896
A6,2024-10-12,2,58.10699588477364
A6,2024-10-13,2,43.265115275329954
A6,2024-10-14,2,41.2564029595902
A6,2024-10-15,2,52.27598177478847
A6,2024-10-16,2,57.5888937664618
A6,2024-10-17,2,46.00564324133671
A6,2024-10-18,2,53.41162479559984
A6,2024-10-19,2,35.89045319083341
A6,2024-10-20,2,41.902443119805206
A6,2024-10-21,2,57.87986974773427
A6,2024-10-22,2,54.689023932778156
A6,2024-10-23,2,50.2276286557162
A6,2024-10-24,2,44.343917150335734
A6,2024-10-25,2,45.40526394496785
A6,2024-10-26,2,63.411214953271035
A6,2024-10-27,2,45.9641379310345
A6,2024-10-28,2,59.814233607600265
A6,2024-10-29,2,52.79047662155432
A6,2024-10-30,2,56.756756756756744
A6,2024-10-31,2,56.27834046700857
A6,2024-11-01,2,33.58223881592108
A6,2024-11-02,2,40.432314277907665
A6,2024-11-03,2,51.684829366217386
A6,2024-11-04,2,47.46132351938935
A6,2024-11-05,2,56.356760431715834
A6,2024-11-06,2,44.54832821334759
A6,2024-11-07,2,52.24285513821976
A6,2024-11-08,2,38.11771973173315
A6,2024-11-09,2,43.35833866983807
A6,2024-11-10,2,46.11750515153037
A6,2024-11-11,2,45.45498015588391
A6,2024-11-12,2,61.26542146254052
A6,2024-11-13,2,51.08984375000001
A6,2024-11-14,2,48.642659279778435
A6,2024-11-15,2,49.605153782211126
A6,2024-11-16,2,42.71785263640883
A6,2024-11-17,2,46.45719661335847
A6,2024-11-18,2,63.175467885071576
A6,2024-11-19,2,58.65487674169347
A6,2024-11-20,2,43.40678933105121
A6,2024-11-21,2,53.00880626223097
A6,2024-11-22,2,47.737640241647156
A6,2024-11-23,2,54.0640569395018
A6,2024-11-24,2,71.98080718182877
A6,2024-11-25,2,67.39802457965773
A6,2024-11-26,2,39.79941937186592
A6,2024-11-27,2,47.080446769404816
A6,2024-11-28,2,47.884932327823016
A6,2024-11-29,2,57.784492471576364
A6,2024-11-30,2,28.238372784584293
A6,2024-12-01,2,38.41590032631268
A6,2024-12-02,2,49.85642700298403
A6,2024-12-03,2,53.490865425851275
A6,2024-12-04,2,55.57580839196529
A6,2024-12-05,2,57.32855221873597
A6,2024-12-06,2,58.216327773454665
A6,2024-12-07,2,36.971340875834244
A6,2024-12-08,2,40.77746577746579
A6,2024-12-09,2,57.53471431823354
A6,2024-12-10,2,52.45383627925349
A6,2024-12-11,2,43.27203929899097
A6,2024-12-12,2,48.2838477757423
A6,2024-12-13,2,50.701348747591545
A6,2024-12-14,2,45.413830800155154
A6,2024-12-15,2,55.80813908762211
A6,2024-12-16,2,61.37026239067056
A6,2024-12-17,2,52.28236330598537
A6,2024-12-18,2,44.82102233158455
A6,2024-12-19,2,44.61083213773315
A6,2024-12-20,2,48.76616678568595
A6,2024-12-21,2,35.66688603707362
A6,2024-12-22,2,37.25099601593626
A6,2024-12-23,2,43.28988600753892
A6,2024-12-24,2,46.410462776659955
A6,2024-12-25,2,48.555261256922726
A6,2024-12-26,2,59.16385295345044
A6,2024-12-27,2,55.926632309377865
A6,2024-12-28,2,37.78568885724457
A6,2024-12-29,2,38.82838473002408
A6,2024-12-30,2,48.14533192277179
A6,2024-12-31,2,46.027074749852865
A9,2024-01-01,2,40.94387777232213
A9,2024-01-02,2,38.153711878895066
A9,2024-01-03,2,37.72649944270181
A9,2024-01-04,2,40.73023888133618
A9,2024-01-05,2,41.91380457593285
A9,2024-01-06,2,37.34666084770984
A9,2024-01-07,2,34.45360598454299
A9,2024-01-08,2,30.551420266132332
A9,2024-01-09,2,31.14061459252191
A9,2024-01-10,2,34.75983822022112
A9,2024-01-11,2,41.06266428405644
A9,2024-01-12,2,41.47216369409739
A9,2024-01-13,2,37.12618958111099
A9,2024-01-14,2,38.55602156980227
A9,2024-01-15,2,31.962514998886952
A9,2024-01-16,2,40.788252540825546
A9,2024-01-17,2,36.168909538940134
A9,2024-01-18,2,33.782447291364235
A9,2024-01-19,2,34.93927416457062
A9,2024-01-20,2,36.66513312913375
A9,2024-01-21,2,44.151964902454985
A9,2024-01-22,2,39.11588406931976
A9,2024-01-23,2,36.89977069510591
A9,2024-01-24,2,32.27509988400566
A9,2024-01-25,2,33.2701308244014
A9,2024-01-26,2,33.70866074032613
A9,2024-01-27,2,37.080434905553666
A9,2024-01-28,2,40.767793043245184
A9,2024-01-29,2,38.88134241732497
A9,2024-01-30,2,34.07958775716008
A9,2024-01-31,2,39.48461219028284
A9,2024-02-01,2,33.06124282954154
A9,2024-02-02,2,38.809143410204484
A9,2024-02-03,2,38.3883735542733
A9,2024-02-04,2,29.889991474043192
A9,2024-02-05,2,35.22311284757214
A9,2024-02-06,2,38.105198793661536
A9,2024-02-07,2,35.6658466074115
A9,2024-02-08,2,34.786516086042816
A9,2024-02-09,2,38.12870969119404
A9,2024-02-10,2,38.094169421759034
A9,2024-02-11,2,38.103817095002576
A9,2024-02-12,2,37.73885383251949
A9,2024-02-13,2,43.0278302222152
A9,2024-02-14,2,44.96156447942933
A9,2024-02-15,2,39.84165416065245
A9,2024-02-16,2,40.97432440003015
A9,2024-02-17,2,46.03704458515169
A9,2024-02-18,2,37.80219179172014
A9,2024-02-19,2,6.507318490331731
A9,2024-02-20,2,30.83287938064345
A9,2024-02-21,2,39.892236463284554
A9,2024-02-22,2,44.560726008882035
A9,2024-02-23,2,35.76130244503882
A9,2024-02-24,2,38.4511366008978
A9,2024-02-25,2,39.936438692307036
A9,2024-02-26,2,37.944887973216574
A9,2024-02-27,2,42.85244511709541
A9,2024-02-28,2,40.991815300184534
A9,2024-02-29,2,36.2579052515047
A9,2024-03-01,2,38.34200309935963
A9,2024-03-02,2,36.41942694574274
A9,2024-03-03,2,32.57976572788394
A9,2024-03-04,2,38.03641629265164
A9,2024-03-05,2,40.17606235834125
A9,2024-03-06,2,34.924170691045425
A9,2024-03-07,2,39.46489492711942
A9,2024-03-08,2,38.25784070347422
A9,2024-03-09,2,32.83753177209373
A9,2024-03-10,2,38.020124471335734
A9,2024-03-11,2,34.17840039487121
A9,2024-03-12,2,39.90772247943529
A9,2024-03-13,2,39.495924662864915
A9,2024-03-14,2,40.33394452756187
A9,2024-03-15,2,41.3891781018348
A9,2024-03-16,2,28.83575843295293
A9,2024-03-17,2,41.5774164057955
A9,2024-03-18,2,39.93379636877901
A9,2024-03-19,2,36.522322301809815
A9,2024-03-20,2,38.2763790629395
A9,2024-03-21,2,35.248787956111244
A9,2024-03-22,2,37.32732127473241
A9,2024-03-23,2,33.834010913799865
A9,2024-03-24,2,45.19328634597118
A9,2024-03-25,2,39.62891591260913
A9,2024-03-26,2,42.390352045286306
A9,2024-03-27,2,35.667239181795566
A9,2024-03-28,2,33.35854212863591
A9,2024-03-29,2,40.32084660426049
A9,2024-03-30,2,37.20813737679514
A9,2024-03-31,2,35.420508429926265
A9,2024-04-01,2,38.91378494784273
A9,2024-04-02,2,36.39623354566689
A9,2024-04-03,2,48.019045961734044
A9,2024-04-04,2,32.679847150689476
A9,2024-04-05,2,34.32305122536803
A9,2024-04-06,2,35.577940457162256
A9,2024-04-07,2,33.15239672027752
A9,2024-04-08,2,34.52695127877954
A9,2024-04-09,2,34.11404013144918
A9,2024-04-10,2,40.660720960353245
A9,2024-04-11,2,37.177785072267696
A9,2024-04-12,2,33.89332825265895
A9,2024-04-13,2,41.70840371621621
A9,2024-04-14,2,56.773650257392205
A9,2024-04-15,2,41.991310380079604
A9,2024-04-16,2,38.44598243437748
A9,2024-04-17,2,35.40276766205387
A9,2024-04-18,2,39.93240492996465
A9,2024-04-19,2,34.03048063995935
A9,2024-04-20,2,37.094922737306845
A9,2024-04-21,2,29.645100761883914
A9,2024-04-22,2,43.05952492503751
A9,2024-04-23,2,37.39994003589633
A9,2024-04-24,2,35.35034470340564
A9,2024-04-25,2,36.1255946643751
A9,2024-04-26,2,36.61228041333017
A9,2024-04-27,2,39.604012712925844
A9,2024-04-28,2,33.47244623655914
A9,2024-04-29,2,50.31349686503135
A9,2024-04-30,2,38.30198040195517
A9,2024-05-01,2,35.89080692381377
A9,2024-05-02,2,29.824755702730734
A9,2024-05-03,2,38.87284092070512
A9,2024-05-04,2,34.002294287436406
A9,2024-05-05,2,31.58402137461353
A9,2024-05-06,2,33.41162654139753
A9,2024-05-07,2,38.26740282400656
A9,2024-05-08,2,35.666304464871324
A9,2024-05-09,2,51.267600935062696
A9,2024-05-10,2,35.09014900874561
A9,2024-05-11,2,37.97502570771837
A9,2024-05-12,2,35.86214982080445
A9,2024-05-13,2,41.79415687238356
A9,2024-05-14,2,34.038980873681346
A9,2024-05-15,2,39.97737948647786
A9,2024-05-16,2,31.916371502193265
A9,2024-05-17,2,31.805894922864702
A9,2024-05-18,2,32.92315602469506
A9,2024-05-19,2,37.355833593176726
A9,2024-05-20,2,33.617888043747506
A9,2024-05-21,2,33.67493358301552
A9,2024-05-22,2,38.749874821206895
A9,2024-05-23,2,31.342656940463748
A9,2024-05-24,2,32.89892034667143
A9,2024-05-25,2,37.58964139677809
A9,2024-05-26,2,34.789300439261716
A9,2024-05-27,2,37.70114304225092
A9,2024-05-28,2,35.081865902511346
A9,2024-05-29,2,35.88484494938357
A9,2024-05-30,2,36.282627769247654
A9,2024-05-31,2,34.237978669938215
A9,2024-06-01,2,30.594575147040416
A9,2024-06-02,2,32.89494884004436
A9,2024-06-03,2,29.0141830041377
A9,2024-06-04,2,34.66128655208515
A9,2024-06-05,2,39.42915533371193
A9,2024-06-06,2,34.33427672396232
A9,2024-06-07,2,38.80243919454052
A9,2024-06-08,2,37.46237801355908
A9,2024-06-09,2,38.84301995073224
A9,2024-06-10,2,37.700013240347864
A9,2024-06-11,2,36.7156063625804
A9,2024-06-12,2,38.94515864991093
A9,2024-06-13,2,39.16420593144178
A9,2024-06-14,2,37.36971134835902
A9,2024-06-15,2,39.611254754054286
A9,2024-06-16,2,37.524264626093654
A9,2024-06-17,2,35.57230522945571
A9,2024-06-18,2,33.56746481462403
A9,2024-06-19,2,31.916144122821294
A9,2024-06-20,2,37.749111637548104
A9,2024-06-21,2,35.310925252616194
A9,2024-06-22,2,38.93551692453664
A9,2024-06-23,2,34.92570251297771
A9,2024-06-24,2,34.669115767615104
A9,2024-06-25,2,37.44096926148019
A9,2024-06-26,2,55.56068015850928
A9,2024-06-27,2,32.94695027113374
A9,2024-06-28,2,39.07135717730605
A9,2024-06-29,2,30.271456518146422
A9,2024-06-30,2,36.465125605222745
A9,2024-07-01,2,34.7288764176139
A9,2024-07-02,2,37.18681706408211
A9,2024-07-03,2,34.62236303114465
A9,2024-07-04,2,36.12657191120513
A9,2024-07-05,2,32.76527199610134
A9,2024-07-06,2,35.37663464104616
A9,2024-07-07,2,30.224682468176706
A9,2024-07-08,2,38.20060839586291
A9,2024-07-09,2,34.384194509136115
A9,2024-07-10,2,40.955429349390506
A9,2024-07-11,2,36.481207628339334
A9,2024-07-12,2,37.488039430298265
A9,2024-07-13,2,33.02150835875843
A9,2024-07-14,2,34.749282296650705
A9,2024-07-15,2,32.396397764260435
A9,2024-07-16,2,38.543986111635284
A9,2024-07-17,2,30.204915084472823
A9,2024-07-18,2,35.67415507242463
A9,2024-07-19,2,31.473142749853515
A9,2024-07-20,2,32.08143942642493
A9,2024-07-21,2,35.70473660983468
A9,2024-07-22,2,33.95891643742116
A9,2024-07-23,2,31.190941327876892
A9,2024-07-24,2,34.581965049892936
A9,2024-07-25,2,34.62835165967911
A9,2024-07-26,2,36.50932611974847
A9,2024-07-27,2,45.81616409508095
A9,2024-07-28,2,35.84279867968138
A9,2024-07-29,2,34.04427852057651
A9,2024-07-30,2,37.86458879997866
A9,2024-07-31,2,31.79738864709695
A9,2024-08-01,2,34.741705794422394
A9,2024-08-02,2,38.98760639092131
A9,2024-08-03,2,33.89185084303245
A9,2024-08-04,2,31.23759708769765
A9,2024-08-05,2,37.75305372109639
A9,2024-08-06,2,28.767607143163332
A9,2024-08-07,2,35.579439953102195
A9,2024-08-08,2,41.56762521333213
A9,2024-08-09,2,35.64763510279444
A9,2024-08-10,2,32.46448711905675
A9,2024-08-11,2,33.658173855360666
A9,2024-08-12,2,30.37056322812799
A9,2024-08-13,2,41.03628393689901
A9,2024-08-14,2,37.12970348292123
A9,2024-08-15,2,39.56577486085433
A9,2024-08-16,2,31.166691390990465
A9,2024-08-17,2,37.13806854302721
A9,2024-08-18,2,34.14322935101844
A9,2024-08-19,2,33.97209245617188
A9,2024-08-20,2,28.97089111273663
A9,2024-08-21,2,32.854513024484724
A9,2024-08-22,2,32.0852195484296
A9,2024-08-23,2,40.562224531479565
A9,2024-08-24,2,34.19880543570779
A9,2024-08-25,2,37.074912235466776
A9,2024-08-26,2,41.22860161228639
A9,2024-08-27,2,40.65430836868001
A9,2024-08-28,2,38.95029148003387
A9,2024-08-29,2,33.92458492208297
A9,2024-08-30,2,33.00479619979004
A9,2024-08-31,2,36.26160757486272
A9,2024-09-01,2,34.93304449897162
A9,2024-09-02,2,36.418045794604396
A9,2024-09-03,2,36.07909158733943
A9,2024-09-04,2,35.378478437538185
A9,2024-09-05,2,28.12545178710968
A9,2024-09-06,2,39.49369722516815
A9,2024-09-07,2,39.97197641348134
A9,2024-09-08,2,34.976184878766674
A9,2024-09-09,2,35.25541285597157
A9,2024-09-10,2,41.36424061491301
A9,2024-09-11,2,38.65110314232648
A9,2024-09-12,2,38.93921363102603
A9,2024-09-13,2,29.479611394768174
A9,2024-09-14,2,35.59593290278818
A9,2024-09-15,2,100.0
A9,2024-09-16,1,84.33579610254375
A9,2024-09-17,2,14.263913026642767
A9,2024-09-18,2,36.26220411115128
A9,2024-09-19,2,34.12366455983399
A9,2024-09-20,2,38.153909528047045
A9,2024-09-21,2,35.14113050292999
A9,2024-09-22,2,34.779701684139724
A9,2024-09-23,2,32.41534354362793
A9,2024-09-24,2,43.13461498516742
A9,2024-09-25,2,37.3796231615733
A9,2024-09-26,2,36.947914579775
A9,2024-09-27,2,32.641329269089084
A9,2024-09-28,2,34.054522006807645
A9,2024-09-29,2,28.45979961575196
A9,2024-09-30,2,31.838390141174607
A9,2024-10-01,2,41.448693836649575
A9,2024-10-02,2,39.283430938802645
A9,2024-10-03,2,34.785043117554956
A9,2024-10-04,2,36.00369300522869
A9,2024-10-05,2,32.71557518724793
A9,2024-10-06,2,39.521093106439324
A9,2024-10-07,2,38.0395844960402
A9,2024-10-08,2,43.20312565048334
A9,2024-10-09,2,40.51788947810903
A9,2024-10-10,2,41.7970023297437
A9,2024-10-11,2,38.85956252820157
A9,2024-10-12,2,37.520846740988326
A9,2024-10-13,2,36.12345674288327
A9,2024-10-14,2,37.019095785899594
A9,2024-10-15,2,33.605977334997284
A9,2024-10-16,2,34.28419083220129
A9,2024-10-17,2,35.56556942970706
A9,2024-10-18,2,37.967771176084156
A9,2024-10-19,2,34.0274039790428
A9,2024-10-20,2,41.35289465221585
A9,2024-10-21,2,35.79377279714747
A9,2024-10-22,2,38.56075947496009
A9,2024-10-23,2,37.22219932663071
A9,2024-10-24,2,40.9114063152834
A9,2024-10-25,2,38.1435824458495
A9,2024-10-26,2,34.49475832475709
A9,2024-10-27,2,29.344967316901844
A9,2024-10-28,2,36.030117095236605
A9,2024-10-29,2,38.42195098149331
A9,2024-10-30,2,37.250782695318065
A9,2024-10-31,2,36.44897649350977
A9,2024-11-01,2,64.37376671523751
A9,2024-11-02,2,39.48441693849266
A9,2024-11-03,2,37.72739112185429
A9,2024-11-04,2,29.74608376377375
A9,2024-11-05,2,38.18732779510277
A9,2024-11-06,2,38.9417527973131
A9,2024-11-07,2,37.188637308113684
A9,2024-11-08,2,35.70041136592895
A9,2024-11-09,2,39.57309182498615
A9,2024-11-10,2,36.94206770237832
A9,2024-11-11,2,40.043683822604116
A9,2024-11-12,2,33.206810825645114
A9,2024-11-13,2,37.042126446237674
A9,2024-11-14,2,30.957267546433908
A9,2024-11-15,2,39.69398669970802
A9,2024-11-16,2,32.60633432916754
A9,2024-11-17,2,35.40584530208694
A9,2024-11-18,2,33.595166825252164
A9,2024-11-19,2,37.20050223570881
A9,2024-11-20,2,38.717088933135706
A9,2024-11-21,2,39.67327147190842
A9,2024-11-22,2,37.58747062071406
A9,2024-11-23,2,38.0755919898695
A9,2024-11-24,2,37.64673598756495
A9,2024-11-25,2,38.1183237609601
A9,2024-11-26,2,31.51298493552739
A9,2024-11-27,2,39.72994317303895
A9,2024-11-28,2,35.89646683540793
A9,2024-11-29,2,38.61725053789437
A9,2024-11-30,2,34.99666515193712
A9,2024-12-01,2,40.622759707074984
A9,2024-12-02,2,31.101571203564976
A9,2024-12-03,2,34.209141664736194
A9,2024-12-04,2,33.6962241079038
A9,2024-12-05,2,39.09761710244082
A9,2024-12-06,2,34.396903679723444
A9,2024-12-07,2,40.30585505639735
A9,2024-12-08,2,38.86149615984949
A9,2024-12-09,2,39.797455771112595
A9,2024-12-10,2,31.10795454545453
A9,2024-12-11,2,36.57064211317336
A9,2024-12-12,2,35.45467457061989
A9,2024-12-13,2,45.67456036588761
A9,2024-12-14,2,33.24540722621531
A9,2024-12-15,2,38.95793522169272
A9,2024-12-16,2,36.938526597818566
A9,2024-12-17,2,38.70643851497885
A9,2024-12-18,2,34.361671723167575
A9,2024-12-19,2,41.074283209570964
A9,2024-12-20,2,38.33350994435884
A9,2024-12-21,2,42.96186814541764
A9,2024-12-22,2,33.595884803754025
A9,2024-12-23,2,39.45913474398933
A9,2024-12-24,2,36.58619622942801
A9,2024-12-25,2,40.03758629157686
A9,2024-12-26,2,32.14120127212267
A9,2024-12-27,2,35.475318970109676
A9,2024-12-28,2,31.052219543766906
A9,2024-12-29,2,30.15721570888978
A9,2024-12-30,2,37.5635744410924
A9,2024-12-31,2,42.321064319376205
