slot,mean_absolute_shap,time
4,0.020557541142933164,01:00
76,0.01884151580966545,19:00
89,0.01737213021745012,22:15
90,0.015229487753177423,22:30
80,0.014254611080086892,20:00
92,0.01395514930698894,23:00
78,0.013773816574549074,19:30
77,0.012927687416025605,19:15
75,0.012818913401159948,18:45
35,0.012333022471159166,08:45
36,0.012254079633451343,09:00
40,0.012010717921078863,10:00
5,0.01167140603531064,01:15
82,0.011558742264740724,20:30
93,0.011448199742934515,23:15
83,0.011365088548368155,20:45
81,0.010605604308887634,20:15
91,0.010244246689305046,22:45
94,0.010090403963501535,23:30
79,0.009897402135239876,19:45
38,0.008925321311114736,09:30
34,0.008363590840510563,08:30
74,0.008201880559626147,18:30
39,0.007928177485318894,09:45
37,0.007895027075439588,09:15
88,0.007532494665606596,22:00
3,0.007468749742827773,00:45
41,0.007273003098681935,10:15
73,0.006992220149589688,18:15
28,0.0068512487161698984,07:00
33,0.006837827589724165,08:15
1,0.0065778998219061646,00:15
67,0.00601421762903506,16:45
6,0.005675421696678692,01:30
43,0.0055615455174613665,10:45
31,0.005301112207154598,07:45
2,0.0049036501893158935,00:30
61,0.004871472286882244,15:15
29,0.004650210616487652,07:15
9,0.004624539212802148,02:15
7,0.004571590304441839,01:45
42,0.00434497284240148,10:30
95,0.0043020228745887495,23:45
15,0.00396698210270732,03:45
32,0.0038085682522632108,08:00
68,0.003802960886314144,17:00
66,0.0036623419519531686,16:30
27,0.003557103544963869,06:45
16,0.003489890531532981,04:00
65,0.0033742816173035184,16:15
14,0.003365636799339831,03:30
72,0.0033297205058061344,18:00
8,0.0031913704733510127,02:00
0,0.0030881416801584244,00:00
63,0.0030145783053092783,15:45
60,0.002996515735602774,15:00
84,0.002983675375673552,21:00
62,0.002940467765465846,15:30
86,0.0028945896932445333,21:30
12,0.0023915738812199873,03:00
17,0.002349135082420759,04:15
30,0.0022809363340432964,07:30
70,0.00224644857403797,17:30
64,0.0022037606310527417,16:00
71,0.0022002725296469713,17:45
20,0.0018006402328647464,05:00
21,0.0017947931408376382,05:15
85,0.0016970206274729682,21:15
59,0.001524785342157434,14:45
19,0.0014927261105225375,04:45
57,0.0014818805951781167,14:15
87,0.0014332280708864126,21:45
22,0.0013947747437140635,05:30
10,0.0013367086501848264,02:30
26,0.0011156374221439056,06:30
11,0.001106816775292603,02:45
69,0.0011044919054892046,17:15
18,0.0010651164825917414,04:30
13,0.0010452078401331072,03:15
23,0.0010362472649357555,05:45
46,0.0009790348438165905,11:30
58,0.0009689956002321674,14:30
56,0.0008574980110206305,14:00
24,0.0008465796137633073,06:00
54,0.0007763191504536665,13:30
45,0.0007306183416392836,11:15
55,0.0007065080109886968,13:45
44,0.0006797071563152499,11:00
25,0.0006342220713978712,06:15
49,0.0004714256695552186,12:15
47,0.00045257212610539326,11:45
50,0.0003346828941580923,12:30
53,0.00031752709894947563,13:15
51,0.00029811113193506334,12:45
48,0.0002941215401799579,12:00
52,0.000259500244068522,13:00
