slot,mean_power_kW
0,536.2521857923497
1,534.5715846994536
2,514.7300546448088
3,477.44726775956286
4,432.87513661202183
5,395.90819672131147
6,366.23497267759564
7,328.2437158469945
8,291.2666666666667
9,261.64207650273227
10,232.84016393442624
11,222.3513661202186
12,206.13715846994535
13,195.1169398907104
14,188.01010928961747
15,179.72841530054646
16,174.17131147540982
17,175.9672131147541
18,171.20273224043714
19,170.58032786885246
20,181.85081967213114
21,238.76475409836064
22,303.8874316939891
23,291.3357923497268
24,242.28060109289618
25,184.7445355191257
26,160.33142076502733
27,140.67431693989073
28,133.73852459016393
29,130.9945355191257
30,127.56502732240438
31,105.45491803278688
32,77.39945355191257
33,70.96530054644809
34,72.21639344262296
35,76.0068306010929
36,79.23852459016393
37,78.96693989071039
38,80.94016393442622
39,85.02131147540983
40,87.19699453551912
41,100.0743169398907
42,112.75491803278689
43,135.88142076502731
44,217.80983606557376
45,263.9693989071038
46,285.0579234972678
47,285.47677595628414
48,274.35792349726773
49,272.1494535519126
50,267.74207650273223
51,260.60792349726773
52,264.9325136612022
53,257.5032786885246
54,249.31584699453555
55,249.24344262295082
56,265.0210382513661
57,270.91065573770493
58,283.43961748633876
59,303.172131147541
60,402.1232240437159
61,450.81748633879783
62,475.43251366120217
63,474.8994535519126
64,464.1601092896175
65,451.5199453551912
66,442.14153005464476
67,408.4765027322404
68,381.48961748633883
69,364.11010928961747
70,342.49781420765026
71,278.94617486338797
72,206.76803278688527
73,174.14945355191256
74,147.10601092896175
75,138.71147540983608
76,132.93360655737703
77,128.8051912568306
78,131.72540983606558
79,138.30409836065576
80,137.91092896174862
81,136.8084699453552
82,124.73661202185792
83,128.70054644808744
84,240.9565573770492
85,285.24781420765026
86,288.05765027322406
87,299.84207650273225
88,612.2489071038251
89,718.4262295081967
90,733.3562841530055
91,655.6316939890711
92,555.739344262295
93,491.548087431694
94,473.95792349726776
95,265.6081967213115
