slot,A3_mean_power_kW,A4_mean_power_kW
0,2541.6497267759564,5683.115573770492
1,2585.674043715847,5823.57868852459
2,2592.7907103825137,6055.40519125683
3,2577.252732240437,6523.515027322404
4,2516.4177595628416,6814.596448087431
5,2439.3718579234974,6551.523224043716
6,2321.8,6029.5336065573765
7,2166.922677595628,5232.116666666667
8,1981.0620218579234,4260.813934426229
9,1749.1989071038254,3207.424316939891
10,1514.1245901639343,2261.6945355191256
11,1290.7338797814207,1454.1896174863389
12,1090.3092896174865,831.205737704918
13,907.0382513661202,412.34289617486337
14,756.9644808743169,183.44590163934424
15,628.1661202185792,72.98497267759562
16,515.8532786885246,29.660655737704918
17,415.65355191256833,13.435245901639345
18,330.66311475409833,6.5109289617486334
19,260.54016393442623,3.6702185792349726
20,198.08387978142076,2.4669398907103823
21,159.26338797814208,1.68551912568306
22,119.27267759562842,1.091256830601093
23,79.13633879781422,0.9319672131147542
24,47.8827868852459,0.6404371584699454
25,30.07978142076503,0.43469945355191253
26,22.877595628415303,0.6043715846994536
27,18.955464480874316,0.6043715846994536
28,17.006010928961746,0.5491803278688525
29,15.96967213114754,0.40628415300546444
30,14.102185792349726,0.40628415300546444
31,11.07158469945355,0.40628415300546444
32,9.051092896174863,0.40628415300546444
33,14.896721311475408,0.40628415300546444
34,72.46967213114755,1.0439890710382513
35,83.46174863387978,0.9614754098360655
36,75.57732240437159,2.35327868852459
37,36.50300546448088,4.687431693989071
38,23.175956284153006,8.549726775956284
39,20.45382513661202,15.15655737704918
40,21.900819672131146,53.14590163934427
41,26.823224043715847,108.8292349726776
42,30.5051912568306,124.41584699453551
43,36.80327868852459,120.19972677595628
44,171.11857923497269,127.03333333333333
45,231.27786885245902,142.7
46,256.227868852459,146.18524590163935
47,226.69863387978143,144.32978142076502
48,185.20327868852456,144.67021857923498
49,153.44754098360656,155.5811475409836
50,133.6431693989071,162.2245901639344
51,115.31830601092896,159.3483606557377
52,112.32349726775956,144.50819672131146
53,112.52814207650275,113.20874316939891
54,113.03224043715848,87.98907103825137
55,115.17841530054646,61.525956284153004
56,138.55737704918033,54.81366120218579
57,129.55464480874318,41.225136612021856
58,105.46284153005465,30.61256830601093
59,90.85464480874317,17.975136612021856
60,129.27923497267759,9.03415300546448
61,136.73579234972678,7.27568306010929
62,130.15464480874317,5.372950819672131
63,117.88825136612022,4.204918032786885
64,108.24945355191258,3.1169398907103822
65,100.60573770491803,2.1385245901639345
66,92.30655737704917,2.7986338797814208
67,88.63278688524589,2.606830601092896
68,80.36038251366121,1.842896174863388
69,70.97295081967212,2.152185792349727
70,64.12868852459016,3.1953551912568305
71,47.15901639344263,15.004098360655737
72,34.06584699453552,37.672677595628414
73,27.441803278688525,66.00901639344262
74,23.65737704918033,82.14726775956285
75,24.778688524590162,91.66120218579235
76,33.50928961748634,92.17404371584699
77,44.759562841530055,91.61147540983607
78,49.13169398907104,84.5103825136612
79,46.90573770491803,71.1275956284153
80,44.43196721311475,61.34098360655737
81,38.38469945355191,65.8724043715847
82,35.090437158469946,87.11065573770492
83,51.64262295081967,109.11311475409836
84,127.08551912568306,158.5469945355191
85,159.8344262295082,229.81338797814206
86,237.8306010928962,564.5401639344262
87,467.4683060109289,1536.414207650273
88,2294.4423497267762,6939.4721311475405
89,2345.4043715846997,7250.8174863387985
90,2348.4092896174866,7308.915573770492
91,2459.363934426229,7265.084426229508
92,2524.6814207650273,7077.828142076503
93,2459.615573770492,6650.609836065574
94,2415.046174863388,5964.4292349726775
95,1259.8262295081968,3641.8945355191254
